/*
Navicat MySQL Data Transfer

Source Server         : localhost
Source Server Version : 50717
Source Host           : localhost:3306
Source Database       : process-center

Target Server Type    : MYSQL
Target Server Version : 50717
File Encoding         : 65001

Date: 2018-04-15 10:12:36
*/

SET FOREIGN_KEY_CHECKS=0;

-- ----------------------------
-- Table structure for act_evt_log
-- ----------------------------
DROP TABLE IF EXISTS `act_evt_log`;
CREATE TABLE `act_evt_log` (
  `LOG_NR_` bigint(20) NOT NULL AUTO_INCREMENT,
  `TYPE_` varchar(64) COLLATE utf8_bin DEFAULT NULL,
  `PROC_DEF_ID_` varchar(64) COLLATE utf8_bin DEFAULT NULL,
  `PROC_INST_ID_` varchar(64) COLLATE utf8_bin DEFAULT NULL,
  `EXECUTION_ID_` varchar(64) COLLATE utf8_bin DEFAULT NULL,
  `TASK_ID_` varchar(64) COLLATE utf8_bin DEFAULT NULL,
  `TIME_STAMP_` timestamp(3) NOT NULL DEFAULT CURRENT_TIMESTAMP(3) ON UPDATE CURRENT_TIMESTAMP(3),
  `USER_ID_` varchar(255) COLLATE utf8_bin DEFAULT NULL,
  `DATA_` longblob,
  `LOCK_OWNER_` varchar(255) COLLATE utf8_bin DEFAULT NULL,
  `LOCK_TIME_` timestamp(3) NULL DEFAULT NULL,
  `IS_PROCESSED_` tinyint(4) DEFAULT '0',
  PRIMARY KEY (`LOG_NR_`)
) ENGINE=InnoDB DEFAULT CHARSET=utf8 COLLATE=utf8_bin;

-- ----------------------------
-- Records of act_evt_log
-- ----------------------------

-- ----------------------------
-- Table structure for act_ge_bytearray
-- ----------------------------
DROP TABLE IF EXISTS `act_ge_bytearray`;
CREATE TABLE `act_ge_bytearray` (
  `ID_` varchar(64) COLLATE utf8_bin NOT NULL,
  `REV_` int(11) DEFAULT NULL,
  `NAME_` varchar(255) COLLATE utf8_bin DEFAULT NULL,
  `DEPLOYMENT_ID_` varchar(64) COLLATE utf8_bin DEFAULT NULL,
  `BYTES_` longblob,
  `GENERATED_` tinyint(4) DEFAULT NULL,
  PRIMARY KEY (`ID_`),
  KEY `ACT_FK_BYTEARR_DEPL` (`DEPLOYMENT_ID_`),
  CONSTRAINT `ACT_FK_BYTEARR_DEPL` FOREIGN KEY (`DEPLOYMENT_ID_`) REFERENCES `act_re_deployment` (`ID_`)
) ENGINE=InnoDB DEFAULT CHARSET=utf8 COLLATE=utf8_bin;

-- ----------------------------
-- Records of act_ge_bytearray
-- ----------------------------
INSERT INTO `act_ge_bytearray` VALUES ('2', '4', 'source', null, 0x7B227265736F757263654964223A2231222C2270726F70657274696573223A7B2270726F636573735F6964223A226C65617665222C226E616D65223A226C65617665222C22646F63756D656E746174696F6E223A22222C2270726F636573735F617574686F72223A22222C2270726F636573735F76657273696F6E223A22222C2270726F636573735F6E616D657370616365223A22687474703A2F2F7777772E61637469766974692E6F72672F70726F63657373646566222C22657865637574696F6E6C697374656E657273223A22222C226576656E746C697374656E657273223A22222C227369676E616C646566696E6974696F6E73223A22222C226D657373616765646566696E6974696F6E73223A22227D2C227374656E63696C223A7B226964223A2242504D4E4469616772616D227D2C226368696C64536861706573223A5B7B227265736F757263654964223A227369642D44463532443939322D423338432D343246392D413533462D353531423437364134463645222C2270726F70657274696573223A7B226F766572726964656964223A2273746172744C65617665222C226E616D65223A22E5BC80E5A78BE8AFB7E58187222C22646F63756D656E746174696F6E223A22222C22657865637574696F6E6C697374656E657273223A22222C22696E69746961746F72223A22222C22666F726D6B6579646566696E6974696F6E223A22222C22666F726D70726F70657274696573223A7B22666F726D50726F70657274696573223A5B7B226964223A226E616D65222C226E616D65223A226E616D65222C2274797065223A22737472696E67222C227265616461626C65223A747275652C227772697461626C65223A747275657D5D7D7D2C227374656E63696C223A7B226964223A2253746172744E6F6E654576656E74227D2C226368696C64536861706573223A5B5D2C226F7574676F696E67223A5B7B227265736F757263654964223A227369642D31383032353239442D354439382D344643422D394446412D423241443033373336334334227D5D2C22626F756E6473223A7B226C6F7765725269676874223A7B2278223A3138302C2279223A3236317D2C2275707065724C656674223A7B2278223A3135302C2279223A3233317D7D2C22646F636B657273223A5B5D7D2C7B227265736F757263654964223A227369642D36323445413943442D424436392D344246422D393941302D453336333936414437463839222C2270726F70657274696573223A7B226F766572726964656964223A226A696E676C69222C226E616D65223A22E7BB8FE79086E5AEA1E689B9222C22646F63756D656E746174696F6E223A22222C226173796E6368726F6E6F7573646566696E6974696F6E223A2266616C7365222C226578636C7573697665646566696E6974696F6E223A2266616C7365222C22657865637574696F6E6C697374656E657273223A22222C226D756C7469696E7374616E63655F74797065223A224E6F6E65222C226D756C7469696E7374616E63655F63617264696E616C697479223A22222C226D756C7469696E7374616E63655F636F6C6C656374696F6E223A22222C226D756C7469696E7374616E63655F7661726961626C65223A22222C226D756C7469696E7374616E63655F636F6E646974696F6E223A22222C226973666F72636F6D70656E736174696F6E223A66616C73652C22757365727461736B61737369676E6D656E74223A7B2261737369676E6D656E74223A7B2263616E64696461746547726F757073223A5B7B2276616C7565223A2267726F75705F746573745F31222C222424686173684B6579223A22314E55227D5D7D7D2C22666F726D6B6579646566696E6974696F6E223A22222C2264756564617465646566696E6974696F6E223A22222C227072696F72697479646566696E6974696F6E223A22222C22666F726D70726F70657274696573223A7B22666F726D50726F70657274696573223A5B7B226964223A2267726F75704964222C226E616D65223A2267726F75704964222C2274797065223A22737472696E67222C227265616461626C65223A747275652C227772697461626C65223A747275657D2C7B226964223A22726573756C74222C226E616D65223A22726573756C74222C2274797065223A22737472696E67222C227265616461626C65223A747275652C227772697461626C65223A747275657D5D7D2C227461736B6C697374656E657273223A22227D2C227374656E63696C223A7B226964223A22557365725461736B227D2C226368696C64536861706573223A5B5D2C226F7574676F696E67223A5B7B227265736F757263654964223A227369642D33383431344433452D324443332D344245362D394136342D444641334234353733324443227D5D2C22626F756E6473223A7B226C6F7765725269676874223A7B2278223A3430302C2279223A3238367D2C2275707065724C656674223A7B2278223A3330302C2279223A3230367D7D2C22646F636B657273223A5B5D7D2C7B227265736F757263654964223A227369642D41313444443645462D384242302D343539382D394437412D393334393343304641463534222C2270726F70657274696573223A7B226F766572726964656964223A22222C226E616D65223A22222C22646F63756D656E746174696F6E223A22222C226173796E6368726F6E6F7573646566696E6974696F6E223A2266616C7365222C226578636C7573697665646566696E6974696F6E223A2266616C7365222C2273657175656E6365666C6F776F72646572223A22222C2274797065223A22687474703A2F2F62336D6E2E6F72672F7374656E63696C7365742F62706D6E322E30234578636C757369766547617465776179227D2C227374656E63696C223A7B226964223A22506172616C6C656C47617465776179227D2C226368696C64536861706573223A5B5D2C226F7574676F696E67223A5B7B227265736F757263654964223A227369642D36353933353036422D463744302D343746412D413431442D444645414645303535394546227D2C7B227265736F757263654964223A227369642D30323939454336352D334244372D343446312D413433422D383130363144393039423139227D5D2C22626F756E6473223A7B226C6F7765725269676874223A7B2278223A3535302C2279223A3236367D2C2275707065724C656674223A7B2278223A3531302C2279223A3232367D7D2C22646F636B657273223A5B5D7D2C7B227265736F757263654964223A227369642D31383032353239442D354439382D344643422D394446412D423241443033373336334334222C2270726F70657274696573223A7B226F766572726964656964223A22222C226E616D65223A22222C22646F63756D656E746174696F6E223A22222C22636F6E646974696F6E73657175656E6365666C6F77223A22222C22657865637574696F6E6C697374656E657273223A22222C2264656661756C74666C6F77223A2266616C7365227D2C227374656E63696C223A7B226964223A2253657175656E6365466C6F77227D2C226368696C64536861706573223A5B5D2C226F7574676F696E67223A5B7B227265736F757263654964223A227369642D36323445413943442D424436392D344246422D393941302D453336333936414437463839227D5D2C22626F756E6473223A7B226C6F7765725269676874223A7B2278223A3239392E3835393337352C2279223A3234367D2C2275707065724C656674223A7B2278223A3138302E3435333132352C2279223A3234367D7D2C22646F636B657273223A5B7B2278223A31352C2279223A31357D2C7B2278223A35302C2279223A34307D5D2C22746172676574223A7B227265736F757263654964223A227369642D36323445413943442D424436392D344246422D393941302D453336333936414437463839227D7D2C7B227265736F757263654964223A227369642D36373531353246412D383839462D344645342D394235432D384645334542344238383237222C2270726F70657274696573223A7B226F766572726964656964223A22656E64222C226E616D65223A22E7BB93E69D9F222C22646F63756D656E746174696F6E223A22222C22657865637574696F6E6C697374656E657273223A22227D2C227374656E63696C223A7B226964223A22456E644E6F6E654576656E74227D2C226368696C64536861706573223A5B5D2C226F7574676F696E67223A5B5D2C22626F756E6473223A7B226C6F7765725269676874223A7B2278223A3730332C2279223A3236307D2C2275707065724C656674223A7B2278223A3637352C2279223A3233327D7D2C22646F636B657273223A5B5D7D2C7B227265736F757263654964223A227369642D43313043354636352D313835372D344238332D414444412D333738364346433433343630222C2270726F70657274696573223A7B226F766572726964656964223A2272656E736869222C226E616D65223A22E4BABAE4BA8BE5AEA1E689B9222C22646F63756D656E746174696F6E223A22222C226173796E6368726F6E6F7573646566696E6974696F6E223A2266616C7365222C226578636C7573697665646566696E6974696F6E223A2266616C7365222C22657865637574696F6E6C697374656E657273223A22222C226D756C7469696E7374616E63655F74797065223A224E6F6E65222C226D756C7469696E7374616E63655F63617264696E616C697479223A22222C226D756C7469696E7374616E63655F636F6C6C656374696F6E223A22222C226D756C7469696E7374616E63655F7661726961626C65223A22222C226D756C7469696E7374616E63655F636F6E646974696F6E223A22222C226973666F72636F6D70656E736174696F6E223A2266616C7365222C22757365727461736B61737369676E6D656E74223A7B2261737369676E6D656E74223A7B2263616E64696461746547726F757073223A5B7B2276616C7565223A2267726F75705F746573745F33222C222424686173684B6579223A22354241227D5D7D7D2C22666F726D6B6579646566696E6974696F6E223A22222C2264756564617465646566696E6974696F6E223A22222C227072696F72697479646566696E6974696F6E223A22222C22666F726D70726F70657274696573223A7B22666F726D50726F70657274696573223A5B7B226964223A2267726F75704964222C226E616D65223A2267726F75704964222C2274797065223A22737472696E67222C227265616461626C65223A747275652C227772697461626C65223A747275657D2C7B226964223A22726573756C74222C226E616D65223A22726573756C74222C2274797065223A22737472696E67222C227265616461626C65223A747275652C227772697461626C65223A747275657D5D7D2C227461736B6C697374656E657273223A22227D2C227374656E63696C223A7B226964223A22557365725461736B227D2C226368696C64536861706573223A5B5D2C226F7574676F696E67223A5B7B227265736F757263654964223A227369642D30323245314438452D383832362D343739442D413739462D444644383541434545413343227D5D2C22626F756E6473223A7B226C6F7765725269676874223A7B2278223A3538302C2279223A3134307D2C2275707065724C656674223A7B2278223A3438302C2279223A36307D7D2C22646F636B657273223A5B5D7D2C7B227265736F757263654964223A227369642D30323245314438452D383832362D343739442D413739462D444644383541434545413343222C2270726F70657274696573223A7B226F766572726964656964223A22222C226E616D65223A22222C22646F63756D656E746174696F6E223A22222C22636F6E646974696F6E73657175656E6365666C6F77223A22222C22657865637574696F6E6C697374656E657273223A22222C2264656661756C74666C6F77223A2266616C7365227D2C227374656E63696C223A7B226964223A2253657175656E6365466C6F77227D2C226368696C64536861706573223A5B5D2C226F7574676F696E67223A5B7B227265736F757263654964223A227369642D36373531353246412D383839462D344645342D394235432D384645334542344238383237227D5D2C22626F756E6473223A7B226C6F7765725269676874223A7B2278223A3638392C2279223A3233312E333132357D2C2275707065724C656674223A7B2278223A3538302E363837352C2279223A3130307D7D2C22646F636B657273223A5B7B2278223A35302C2279223A34307D2C7B2278223A3638392C2279223A3130307D2C7B2278223A31342C2279223A31347D5D2C22746172676574223A7B227265736F757263654964223A227369642D36373531353246412D383839462D344645342D394235432D384645334542344238383237227D7D2C7B227265736F757263654964223A227369642D33383431344433452D324443332D344245362D394136342D444641334234353733324443222C2270726F70657274696573223A7B226F766572726964656964223A22222C226E616D65223A22222C22646F63756D656E746174696F6E223A22222C22636F6E646974696F6E73657175656E6365666C6F77223A22222C22657865637574696F6E6C697374656E657273223A22222C2264656661756C74666C6F77223A2266616C7365227D2C227374656E63696C223A7B226964223A2253657175656E6365466C6F77227D2C226368696C64536861706573223A5B5D2C226F7574676F696E67223A5B7B227265736F757263654964223A227369642D41313444443645462D384242302D343539382D394437412D393334393343304641463534227D5D2C22626F756E6473223A7B226C6F7765725269676874223A7B2278223A3530392E373537383136333336363538312C2279223A3234362E34343235343234323735323533387D2C2275707065724C656674223A7B2278223A3430302E333535343634393133333431392C2279223A3234362E31333934383838323234373436327D7D2C22646F636B657273223A5B7B2278223A35302C2279223A34307D2C7B2278223A32302E352C2279223A32302E357D5D2C22746172676574223A7B227265736F757263654964223A227369642D41313444443645462D384242302D343539382D394437412D393334393343304641463534227D7D2C7B227265736F757263654964223A227369642D30323939454336352D334244372D343446312D413433422D383130363144393039423139222C2270726F70657274696573223A7B226F766572726964656964223A22222C226E616D65223A22222C22646F63756D656E746174696F6E223A22222C22636F6E646974696F6E73657175656E6365666C6F77223A22247B20726573756C74203D3D205C22305C22207D222C22657865637574696F6E6C697374656E657273223A22222C2264656661756C74666C6F77223A2266616C7365227D2C227374656E63696C223A7B226964223A2253657175656E6365466C6F77227D2C226368696C64536861706573223A5B5D2C226F7574676F696E67223A5B7B227265736F757263654964223A227369642D43313043354636352D313835372D344238332D414444412D333738364346433433343630227D5D2C22626F756E6473223A7B226C6F7765725269676874223A7B2278223A3533302E343330313830383030353934332C2279223A3232362E30343239373435373431323837387D2C2275707065724C656674223A7B2278223A3533302E313338313738353734343035372C2279223A3134302E34383633323233303038373132327D7D2C22646F636B657273223A5B7B2278223A32302E352C2279223A32302E357D2C7B2278223A35302C2279223A34307D5D2C22746172676574223A7B227265736F757263654964223A227369642D43313043354636352D313835372D344238332D414444412D333738364346433433343630227D7D2C7B227265736F757263654964223A227369642D36353933353036422D463744302D343746412D413431442D444645414645303535394546222C2270726F70657274696573223A7B226F766572726964656964223A22222C226E616D65223A22222C22646F63756D656E746174696F6E223A22222C22636F6E646974696F6E73657175656E6365666C6F77223A22247B20726573756C74203D3D205C22315C22207D222C22657865637574696F6E6C697374656E657273223A22222C2264656661756C74666C6F77223A2266616C7365227D2C227374656E63696C223A7B226964223A2253657175656E6365466C6F77227D2C226368696C64536861706573223A5B5D2C226F7574676F696E67223A5B7B227265736F757263654964223A227369642D36373531353246412D383839462D344645342D394235432D384645334542344238383237227D5D2C22626F756E6473223A7B226C6F7765725269676874223A7B2278223A3637342E333738393131323235363331392C2279223A3234362E343338323531363931353633357D2C2275707065724C656674223A7B2278223A3535302E303734323133373734333638312C2279223A3234362E303436313233333038343336357D7D2C22646F636B657273223A5B7B2278223A32302E352C2279223A32302E357D2C7B2278223A31342C2279223A31347D5D2C22746172676574223A7B227265736F757263654964223A227369642D36373531353246412D383839462D344645342D394235432D384645334542344238383237227D7D5D2C22626F756E6473223A7B226C6F7765725269676874223A7B2278223A313230302C2279223A313035307D2C2275707065724C656674223A7B2278223A302C2279223A307D7D2C227374656E63696C736574223A7B2275726C223A227374656E63696C736574732F62706D6E322E302F62706D6E322E302E6A736F6E222C226E616D657370616365223A22687474703A2F2F62336D6E2E6F72672F7374656E63696C7365742F62706D6E322E3023227D2C227373657874656E73696F6E73223A5B5D7D, null);
INSERT INTO `act_ge_bytearray` VALUES ('3', '2', 'source-extra', null, 0x89504E470D0A1A0A0000000D49484452000002F100000150080600000036902137000000206348524D00007A26000080840000FA00000080E8000075300000EA6000003A98000017709CBA513C0000000467414D410000B18E7CFB5193000000017352474200AECE1CE900000006624B474400FF00FF00FFA0BDA793000000097048597300000EC400000EC401952B0E1B000020004944415478DAEDDD097C5355DEFFF193EE2C6D65299445400664934507C405017D8A38E8800B48CB26CEF39F51471110418751C447C77101C17D50905D8A82A28388C0605964B0ECB48AA2D052A02D50BAD1D2006DF23FBFDB9B1A433768D326EDE7FD7A1D6E72739386937B6FBEF7E4DC73950200000000000000000000000000000000000000000000000000000000000000000000000000000000000000000000000000000000000000000000000000000000000000000000000000000000000000000000000000000000000000000000000000000000000000000000000000000000000000000000000000000000000000000000000000000000000000000000000000000000000000000000000000000000000000000000000000000000000000000000000000000000000000000000000000000000000000000000000000000000000000000000000000000000000000000000000000000000000000000000000000000000000000000000000000000000000000000000EF63A10A0000F00C76BB3D282121E1B19C9C9C5167CF9EED909B9B1B64B3D9A8988A861D8BC51E1818783A202020F6C2850B33FAF4E9F30DB502423C0000A8301DDE1F4E4B4B9B69B55AEB868787ABD0D050151C1CAC7C7C7CA89C0A9203217D60A4B2B3B3556A6AEAF982828203797979A3060E1C184FED80100F00002E4B5252D2AAC3870F0F69D5AA956ADEBCB9B41C53296E949C9CAC121313F3EC767BD46DB7DDF63935026FE44B15000050BD015E97219D3A755261616104F82A20BF70346CD8D0FFE4C993778E1A352A6ED1A24507A91510E2010040B948179AC4C4C44912E04342422E7AFC5CCE0995FAC3672AF5C0E72A2DE11B7536234105D66BA2FC0243A8BC0A0A080890201F989A9A3A68E4C8915F2E59B2E424B5026F42473B0000AA819CC42A7DE0A50B4D4901FEE8EE0F554EDA4FCA56705ED96DF9EA6CFA2195B46B9EB2661FA7022B41BD7AF5549B366D6CBEBEBE6F521B20C403008032C928347212ABF4812F4EFA912D2AFF7CEE45F325D0A725C4508195A465CB960DFDFCFCDAAF5FBFFE066A0384780000502A19465246A129A90F7C5E29ADEDD24A8FCAD3A44993543DB98F9A00211E0000944AC6819761244B622FB850F293ED8C1D5F991A376EDC424FFA5313F0267E54010000554F2EE424A3A4A0FAE9CFA1999E845113F026B4C40300500DE402445CC8C943C250E1E740C32608F10000A062FCEB3428F131BF405AF001423C0000F0380D5BDDA4FC02EA5D34DFD7BF8E6AD8BA0F150410E2010080A7A91FD649D56BDCA1D8F9C14DBA504100211E000078A2820B7917CDCB3F77868A0140880700C0D39CCF3D655C9935E7D4818B1ECB3DFDB34ADAF981B10C00423C0000F00059C9BB75809FABCE662494B8CCD9CC232A31F63D9591B44DD919331EA895184E0900000F202DEB270EAE315ADACBC35670DE58FECCA903AAC9D583549031D43980DA82967800003C80B4AC9737C03B9316FB233BE6508100211E000054356959BF5C765B3E1508D43274A70100C003748C78914A00506EB4C403000000847800000000847800000000847800000080100F00000080100F00000080100F00000010E20100000010E20100000010E201000000423C00000000423C00000000423C0000004088070000004088070000556AD9B2652A2929A9DCCB6FDBB64DAD5BB7EE37F36C365B89CB2F5CB850E5E7E797FA9A73E7CE55070E1C306EEFDBB7AF68FEA5BC2F80100F00006A8DA54B97AA63C78E95F8F89A356BD4DAB56B8B8A047809F28EFBFFFAD7BFD4D0A143D5F9F3E78DE55D5F2B2828C858DE99EB32717171EACA2BAF346E4F9C38B1E8B5C68C1953EA010280427E54010000B5CBC1830755666666898F0F1A34C808DD870F1F563E3E3E462817F5EBD757050505AA53A74EEAE1871F2E5A3E3A3A5A75EEDCD95856A4A6A6AAE0E06023F08B4D9B36A9468D1AA9279F7CD268A1B75AADC6F4D0A143EAF4E9D3AA458B162A2020C0585682BDE3750010E2010080490274464646A9CBECDCB9D398464444A8E3C78F1BB77BF4E8A1366FDE6C04FC7EFDFA152D2B2DE712FC1DE47109E35DBB7635EE77E8D0415D75D555C66D09F0274E9C309ED3A0410363FEFCF9F38DF7E3EFEF5FF41AF7DE7BAF9A376F9EB10C00423C0000B59A745BE9D9B3A7CACECE2E73D91F7EF8C1688577F45D0F0D0D55FBF7EF57DDBA75FBCD7253A64C512FBDF492BAEEBAEB8CFBB27CE3C68D8DF09F989868FC2D5946486BBE1469796FD8B0A1B18C04F82D5BB6A8D6AD5B1BCBC86B4D9D3AB5CA027C5A5A9ADABD7BB78A8C8C9CCE1AE275164447472712E20100408DB671E346A3EB8BB4C69F3C79523569D2A4D8E524BC4BCBBB2B696197967457D2354682B7484949315AF025AC6FDDBA551D3972E437CBCADF95E53FFAE823356AD42823AC0F1E3CB8E8B973E6CC5175EBD6ADB23A9103883D7BF6C8CDE75843BC52AD3CF822C40300508BFCE73FFF515151512A3C3CDC384175DAB469C52E77C71D7714DD769C742AF3E4204082F6F2E5CBD5F0E1C38B96918302471FF8F8F8782398CB8180DC6ED6AC59D17212EA25A4CBE323468CB828ACCBB25519E0C52DB7DC621C68E820FF3C6B88D7A8F5075C847800006A09E9B692909050D4ED454E2AFDF9E79F55FBF6ED8B9691211EF7EEDD5B74A2A990AE2642E6C963F23A37DF7CB33A75EA940A0B0B2B0C147E7E45C1DFB9255E8A734B7C9F3E7D8C327EFCF852DFABF36BBB9B74FD913A79EAA9A7A6B3967887C8C8C85A1FE409F10000D412CF3CF38C7AE595578AEEFFFDEF7F5743860C519F7FFE7951B79A56AD5A1965C3860D4688961673C7F090D20D272B2BCB184DC6D1FDC54146AC29AE255E0E1AE4C4D6B248171BE93FEFB063C78EDF9C2C0B80100F0040ADF3E28B2FAAD1A347ABDFFDEE7745F324B8BFF0C20BEA861B6E50CF3EFBAC1A366C98D1722EA4255D469091E11E2590CBC83112EEA535BEB871DC65F84807E7967857D28A9F9B9B6B8C5223E4B5A4757FE5CA95EA91471E5167CE9C31E6CB8183FC02E0F8D500C06F31102B00003598B470AF5AB5CA08C812D65D49D896211EA5FBCA850B177EF3584E4E8EF1D8A449938AC2BFF4A56FDEBC79A97F535EC7312CA52B392090702EDD7824E4CB4182FC3A20EF4FC8F8F3F2370303038B2E0605E062B4C403005083496BFBDD77DF5DEA3232E6BBF3B8EF0E212121EAC1071F540F3CF0C0255D8069ECD8B1BFE953EF4ABAE23877C771EE36E37C422D8092D1120F00004A0F0B977805D5D2023C00423C00000040880700000040880700000040880700000008F10000000008F10000000008F10000000008F100000000211E00000000211E00000000211E00000020C40300000020C40300000020C403000000847800000000847800000000847800000080100F00000080100F00000080100F00000010E20100000010E20100000010E201000000423C000070C317B08F8FDD66B351111E407F0E47F4249F9A00211E0000942A2828E8E4993367A8080F90919111AF277BA90910E2010040A9FCFDFDB766656551111E203535355B4F62A80910E2010040A9AC56EBAB29292917EC763B9551BD12D3D3D3BBEBE94AAA028478000050AABE7DFBC6EA00BF3F393999CAA846F1F1F1EBF5E7903C60C080EDD40608F10000A04C56AB75546262E2D9ECEC6C2AA31A6466667E9E9E9EFE479BCD3691DA00211E000094CBC081037FD40172C8F7DF7F9F4590AFFA001F1717D7D562B1FC597F0EF1D40808F10000A0DC22222236E4E7E70FDDB76F5F765252523A7DE4DD2E313E3EFE83FDFBF7F7D6B7C7EBFA5F4D95C01BF95205000054AF458B161D1E3972E4AAACACACEEC9C9C92156ABF5A08F8F8F253030B0BEC562F1D8F77DF8F0613567CE1CD5B06143151616E6B1EF53C6814F4F4FFF36212161D74F3FFDD4282F2FCF4FCF1B79FBEDB76F65EDF34ED75C734D7F3D91B2491F94C5D4C63AF063350000A0FA49D71A99AC5BB7AE474A4ACA7DBA4840B94297204F7DCF9F7EFAA98CB1AEE4E4DCA143877A72F5B6D0E5942E077479939358418807000095EAF6DB6F978B0E79FC8587C68E1D1B64B55AF3E4B68C77BF74E9D23A0B162CB0F2090255833EF10000E092E9007F83F3FD73E7CEF5A75600423C0000F06C0F94711F00211E0000789821CE776C36DB1DFDFBF7A79B2E40880700009E282A2AAA8F9E3470CEF0168BE58A264D9AF4A77600423C0000F04076BB7D7871794207F9E1D40E40880700009E19E2EF2C6EBE0EF177C9A835D41040880700001E243232B2BF0EEB5715F3904D9770D7516B0010E201004035B3DBED43CAC81474A90108F10000C0C34496F1F8DD8C520310E201008087183162440F8BC5125ECA22E77409D77A505B00211E00007880828282B22EE814684EFF97DA0208F10000C033DC55CEE522E8520310E2010040351B3E7CF80D168BA55D39176F171E1EDE875A03DC87A364000050A6E5CB976FD7138BF3BCC8C8C8E97AF29C2ECF4747474FA79680AA434B3C00000040880700000040880700000040880700000008F10000000008F10000000008F100000000211E00000000211E00000000211E00000020C40300000020C40300000020C403000000847800000000847800000000847800000080100F00000080100F00000080100F00000010E20100000010E20100000010E201000000423C00000000423C00000000423C00000040880700000040880700000040880700000008F10000000008F10000000008F10000000008F100000000211E00000000211E00000000211E00000020C40300000020C40300000020C403000000847800000000847800000000847800000080100F00000080100F00000080100F00000010E20100000010E20100000010E201000000423C00000000423C00000000423C000000509BF8510500BC99DD6E0F4A4848782C272767D4D9B3673BE4E6E606D96C362AA6822C168B3D3030F074404040EC850B1766F4E9D3E71B6A050008F10050613ABC3FBC73E7CE9956ABB56E7878B892121C1CAC7C7CF891B1A2F48190451F1835CECECE1E949A9A1AB179F3E603797979A3060E1C184FED0040F5E39B0E80574A4A4A5A75E4C891F71A356A54B757AF5EAA55AB562A343494005F595F0EBA1E43424254CB962D55CF9E3D03AEBCF2CAEED22ABF71E3C621D40E0010E201E0B202BC2E43BA74E9A25AB468215D3FA814376BDEBCB9EADEBD7B1D1DEE176FD8B0E12E6A040008F100506ED285E6F0E1C3433A74E860B414BB3A9773421DDBBB581DFCE6FFD44F1BA7ABA4DDF39535FB38155709EAD5ABA7BA75EB16AC0F9A167FFDF5D7D75023004088078032C949AC69696933A5EB4C4901FEE8EE0F554EDA4FCA56705ED96DF9EA6CFA2195B46B1E41BE12837C9B366D6CBEBEBE6F521B004088078032C928347212AB74ED284EFA912D2AFF7CEE45F325D0A725C4508195A465CB960DFDFCFCDAAF5FBFFE066A030008F100502A19465246A029A90F7C5E29ADEDD24A8FCAD3A44993543DB98F9A0000423C00944AC6819711684A622FB850F293ED8C1D5F991A376EDC424FFA531300503D18271E80D7900B39C938F0A87EFA7368A62761D4040010E201A054722556C681F70CE6E7C0770800B71B3E7CF8D3168BE59F253CFC5C6464E473CE33A2A3A36BC5B8C37C1B02A831FCEB3428F131BF405AF001C02BC3AA8FCF5E6A81100FA0066BD8EA26E51750EFA2F9BEFE7554C3D67DA82000F042CB962D5BAB27D9E55CFC18211E00BC4CFDB04EAA5EE30EC5CE0F6ED2850A0200EFB5A28CC7CFCB3F76BB7D2D211E00BC50C185BC8BE6E59F3B43C5008017B3D96CCBCADAFDCB3F168B6529211E00BCC8F9DC53C69559734E1DB8E8B1DCD33FABA49D1F18CB0000BC4FDDBA75B7EA497A298BD4D1252D3535752B211E00BC4456F26E1DE0E7AAB31909252E7336F3884A8C7D4F65246D5376C68C0700AFB260C102AB9E7C59DC6376BB3DDF9CAE8A8989C9AF2D75C2F06000BC96B4AC9F38B8C668692F0F5BC17963F933A70EA826570F5241C650E700002FF1A12EA38BDBBDCB3F3E3E3E2B6B5365D0120FC06B49CB7A7903BC3369B13FB2630E1508005EC4EC2A93EB3ADF62B104E8C9B19494940D847800F002D2B27EB9ECB67C2A1000BC88D95566BECB6CE384561995A63675A51174A701E0B53A46BC482500D5A86EDDBADDCE9E3DABEAD5ABD79DDA4055D061FD6B8BC5F298D37DBBBE2F37FF53DBEA829678000070C9A64D9B1665B3D986B46BD74E1514140C9E3A75EA586A05EE76E2C489B53AB7170D35A603BC3448A7E9757135211E0000A01493274FBE2F292969F1B871E37C5E78E1053561C2041F1DAEE64E9C387104B50377922E333AB8BB5ED069ED279F7C9243880700002881B4C0A7A5A57DAC03BCEF75D75D67CCEBDEBDBB1A3F7EBC6F4646C622823CAAC087CE7774A85F591B2B81100F0000CAE5F9E79F7FE0E8D1A34B1E7BEC311F478077E8DAB5ABB4C81B41FED1471FBD87DA82BB0405056D77BE1F181818531BEB81135B516DEC767B505C5CDC037BF6EC19919292D2233939B96E7676B69FD56A557E7E7EF6E0E0E00B0D1B363C1E1212B24D2FFEC2534F3DF513B50600D517E01313133F1C3F7EBC8FB4BC1747E63FF1C413BE3367CE5C3E66CC98618B162DFA9C9A436518397264CBFCFCFCBB2D164B3F9D137AA8C2B1E1A531DAAEEFEF193E7CF85EFDD8B7BEBEBED14B972E3D561BEAC4C26A81EA08EF9F7EFAE9FB3FFCF043D4E9D3A7FD3A75EA64ECF8AFBCF24AA543BB1C612B09F267CE9C51478F1E55F1F1F16AF7EEDD761F1F9FA4DCDCDC17DF7FFFFDB9D462EDB47EFD7A7BDFBE7DA9080FB179F3663560C000BE476A47801FA903FCA2D202BCB3B8B8383563C68CF33A54DDBB70E1C22FA9415CAEA8A8A8BBF5E4515DFAEAFC1050CEA7C5E8756FDEB265CB9610E2814AB27DFBF63F6DD8B0E1DDACACACC0C8C84823BCEBA3E6723D77DFBE7D2A3A3ABA202323E3E7F4F4F43F7EF2C927BF50A3847810E2E15E13264CB83B33337385731FF8F29020FFDA6BAF5DC8CFCF1FACC3D45A6A1297426784363A88FF4B07F781157899AD0505050FD6D4BCE0CB6A82AAA037423FBDF3DFB062C58AF1B7DC728BDFC30F3FAC5AB4682197482EF76B848787AB8888081F7F7FFFC6BFFCF2CB9F7BF5EA7562D7AE5DBBA9DDDA63CC9831D35BB76E4D45788823478EA8C58B173F4F4DD45CD2029F9A9ABAEC5203BC68DAB4A96AD7AE9DEFF6EDDB8776EAD469DFF7DF7F7F901A45790C1F3E3CD2D7D7F70B9D1DAE290AACBEBEAA5BB76E6AC89021F2B81A366C981A3162841A346890EAD7AF9FEAD0A1839CE0AA4E9E3CA96C369BE369AD74CEF853D7AE5D8FC6C7C7EF27C4039711E0376DDAB4EDCB2FBFBC79C28409EAC61B6FBCA4F0EE4AC624EED1A387FFB7DF7E3B404F3377EFDEBD835A26C483108FCAF5ECB3CF8E4A4A4A5A743901DE39C8B76DDBD62F3636F65E823CCA19E0EFD219E1639D1DEA3AC2FB9D77DEA91E7DF4513570E04075D55557A9D0D0503999D558DEDFDF5F0507071B5D726FB8E10675EBADB71A61FED0A143923F6411E98273AF0EF2C77590AF510D7F8478B89DB4C04B80D75F08C6465619AEB8E20AD5BB776FFF6FBEF9A6EFD5575F5D238FB0418827C4A33A03FCB163C7164A1FF86BAFBDB642AF25BFA2B66BD7CEEFBBEFBE23C8A3AC001F690678239F366FDE5C3DF3CC33AA4F9F3E7255E072BD869C57272DF6BD7AF5523FFEF8A3CACECE763C345807F94335292F30C424DC4AFAC07FF5D557B78E1B374E85858555EA6BCBEB4D9D3AB5BE3E0A7F2B2A2AAA23B50D0015275D681C01BEAC935857AC5851544A23C34F4E9E3C3948EFAF3FD6FBEB3BA865B8923EF0BEBEBEEF3A02BC748F993E7DFA6537FEC9F3E4F9B2EE39E8D77EAF26E505423CDC4646A159B76EDD7BF23358FBF6EDDDF237A455561FB907EA23F7F9D43800548C9CC49A9090B050C6812FCF28342B57AE2C2A6591303565CA943A3AA8AD24C8E3A240EAE333D766B33590DBD2023F69D224A39B4C45D4AD5B57D669E70381FA3A9B7C408807CAB06AD5AA7967CE9C09903E6CEE3468D0A03AA1A1A157E92F8551D43A005C1E6981BF9C51682E8504F9279F7CB2AE0E6C2BA4EF33B50E21C348EA00FF3F725BFAC04BF0AE6880770EF2D21BC06924BC3E35252F10E2E116D20A1F1F1F7FBF0C2329279DB8DB430F3DD4407F293C4ACD7B36BD3E3C233BEBFEFDFB73A139A082A1A732B723F3424E8BDC19E01DA4857FCA9429FE7E7E7ED10479F6EDA6A2EFEF3FFCE10F9576FE9C83BCDE5D77DDE59C511E22C40325902BB19E3C79D2AF3C3FC756866EDDBA050406065E257DEAA87D8FF682DE797ED6B469D36CFDE5BD4A7E521F366C587D4F7DB3A9A9A96AE7CE9D17CDCFCFCF57A74E9DBAE4D73B7FFE7C898F2D5CB8D078DDD2CC9D3B571D3870C0B82DD74D70484A4A62CDAA65CCED284DEFF31657743B72BE12ABBB03BCF33EDB11E4E95A53A3F6EDE97ADFBEE452D649B912AB9EDC2AB7A5B55C42BC3BDC71C71DCE8D8A7D6A425EA0350C6EB167CF9E11977221A7CAD0B56BD7D4EFBEFB6EA8BE39834FC0B3592C963A7A3244EFF487E8752457EF4CBF92ABEBE903B198050B16583DE57D2E59B2C418CE4C82CDD2A54B55A3468D8CE151172D5AA4FAF7EFAFFEF297BF18CB9D3E7DBA28549F3D7BD6B8BF7BF76EE3CBE8E79F7F36CEDD705C81F8E9A79F36963B76EC986AD9B265D1DF921115B66DDBA69C2F66E5BA8C5C3C477EDD1213274E546BD7AE55010101326A8FDAB8716385866E85576E47A17A324A6F47A3F476745AAF1BFFD6F3965FCA76346DDAB4284780AFAA4617E7203F79F2E482D75E7B6D990E7EA3972F5FBE9A4FD5EBD749E9033352AF9323F53A99A5D7C9CFCA5A27F3F3F3EFD6CB186141D641B972BB3BC8A876B22FD739C131CBEBF302211E6E919292D243424E55EADDBBF7157AE3EC4788F73A326ED850BDD31F6AB55ACFEB9DFE177A87BE54AF43AB636262F2ABEB4D49ABB97E0FD27F576DD8B041BA2F283F3F3FA3D5BB71E3C645015E48B8EFD8B1A35ABD7AB5BAEFBEFB8CBE9CDBB76F375A7E24D0DF7CF3CDC67212BA1DA2A3A355E7CE9D8B82B7B4FACBF31CCB6CDAB4C9785DF9FBD242AFEBC698CAD8C7F29A72B13409F0427E2A26C0D77A8D7419ABB7A3B17A5DC9D1DBD10ABD1D7D5EDA76A403F47D7A7D5E3C6EDCB82A0FF00EFAEFD6993469926DC68C191FE9203F82205FA3843AAD93797A1FFA89BEFF99EB3AA9D7D37E8EDBD75F7FBD5BDF90BCBE5388F7FABC4088875B242727D7ADEAF1BCDBB66D2B1786E841ED7BB50047A00F0F0FCFD53BFD4DFAFE5BD5D142AFFF9E313E714646867AFFFDF7958C952D171791EB1DC8150225504BA87790D114E4A75A5946C2B51C044820DFBF7F7F51D87626571494D77190567709E38EE1D0647835F9154048803F71E284F19C060D1A18F3E7CF9F6FBC37E7734EEEBDF75E356FDE3C6319D46AF51DE1496F47A7F576B45EDF5FE8BC1D490BBC19E07DABAA0B4D49F4B6556FCA942939AFBEFA2A41BEE6AAA3D7C7317A3A46AF93D9FA20739DE3D757BD7FEBE1F43DEED637D1A64D1BE7BB5E9F1708F1708BECEC6C3FF9E9AA2A5DB870214CEF24F2F5CE613A9F408D504F7F9E9272074988D59F6BE2E5F443BF1CD28A2E015CC2F0962D5BD4DB6FBFADCE9D3BA7DE79E71D357BF66C234CCBD5036FBBED36E3F2DF725F42BD5E078DD6FB84840423B83B5AE26539E1DC12AF438B7AE9A597942340495F7769E13F7EFCB84A4C4C342E5022CB1889AC7E7DA3C86BCA4FCDB28C0478796F8E836579ADA953A75659804F4B4B33BA0CB1BD79BC467A3B923E5891B21DE9F5F597A64D9B2E3D7AF4E8B3D2025F568097F1DFCB337CA4905FAB4A23BF520D1D3AB4D8C7BA77EF5E7FF2E4C9E93AC82FD3AFF3B97ECFBFF0D1D55821EAD75F5F8D360DC703EECE0D2EAFDF98100F1443364CE9E35B952478E9237B59A79FE313A891DAC4C6C61A41C0DDE4D2DDD2DD45FA998F1831C238895542EBB469D38A969933678E74473042BC746559B76E9DD1D545FAB0CB1745592DF1429697E02D24FC47444418617DEBD6ADC6D5509D9D3C79D258FEA38F3E52A3468D32C2FAE0C1838B9E2BEF478652AB2A7200B167CF1EC5F6E65DF43EB29D5E979E93F335AABB05DE558F1E3D1AB668D122FBD8B16323F9A46A95A2BE809535AC64495CF69141DE5E718478B8456060A05D07794B5506F9EBAFBF3E6DC58A1557E82FA97FF00978ACF2063E9B72193D4B7FAE877BF6ECD9B6AADEE8DEBD7B8DF02D615902B95CF27BCD9A35C66D59AFBFF9E61B75CF3DF7142D2FC39749D89713532588676666FEA6255EBE9C24883B93D67B47EB7C7C7CBCF1B7E4B5E576B366CD8A9693502F215D1E97830AD7B02ECB56658017B7DC728B71A0A183FCF3ACD61EBD2DB986F8C38D1A35FA342626E689EEDDBB575B5FF8E2E875E9C4F1E3C7EBC93931B4C4D7C8F5D1A63F579BD9D8E6BC4ECA7C637F2F0300B833C8CBC0034EACDE5EE98478B8454848C8051D6202C2C3C3ABEC6FFAFBFBA7EB9D81353A3A7A3A9F80678A8C8C2C7147AF77E2058E110A24C0EBFB99FAFE06F942D707856BA52FEF9FFEF4277B55BC4FE91E235D59A4657CD8B061BFB96CF7E8D1A3D5E2C58B8D805ED27365584A79AE047E47371B19994602BDF36833D2A7DEF13ACE2DF1529C5BE2FBF4E96394F1E3C797FABEE520222C2CAC4A3E4BE9FA232DB94F3DF514DB9B876D4B2EDBD545DB91CC9F3A75EA8E59B3662D7BFCF1C74BED5223DD5F4AEA02239CBBD02C5BB6AC4201FEB5D75EABA3B79F28FAC4D79CF551BAB89A415DF2A68F9E5EB46FB75AAD71FAB176B29C347EB833C4CBEB3B4923C403C5B8E28A2B927408695795213E2E2EEE909E1450FB5E45064E0F3077F212E0737491A6E9E575EAD4D9A003476675BC29E91EE318B25142B88C14D3AF5FBF92FF1366D719693197E748B091202FAD3E070F1E345AD02598BBF6F7ECD4A953B12DF1D2A75E4E6C2D8BB4EC4BFF79871D3B76FCE66459D45A656E472FBDF4D2C713264C38FFD65B6FADD053DFEA6C91D7DBCA89D75F7F5D02FC48027C8D6033F7ED414EADEE25AE93FA0060AF23C41F3E7CB8D22FF4E4CC797FA9ED25C403C5080909D9A44349BBDEBD7B57D9DFDCB66D9BB4D26EA2F6BD4A80B9735FA1CB973AC0AEF68471E2656CF7975F7E59C941E88D37DE5862ABBB8CDB2EADF4F213B084F50F3EF8A068A8C79B6EBAC998CAA83232C4A40C1729CB3B93E1231D9C5BE25DC949ACB9B9B9CA3C09CC68ED97EE3E72C2E1238F3C62FC7D2123DCC8C9A69ED6D7195516DC2F693B9A3D7BF62A1DE087EAE98AEA1AA5466F3729B366CD0A22C0D728B2130C2AEF3A69B7DB37E9B06FFCDC23E73D95D6605251F2FA4EBC3E2F10E2E116595959FF3C72E4C8830505053E5574C127AB0E5E1D95D3A59BE1B9E4E7543D89D181D731EC91B39C6600000CFD494441545DA627BDBFF6EDDB1BC34B3A8678FCE28B2F8CAE2F12D0E5C45A47EBB904EBA64D9BAA264D9A140572E932237DE71DDD5AE4A761692137B70B151A1AAA5AB56A75D1DF942E3732EA4C712DF08E5172E4E0C211F25F79E595A256F7871F7ED818725286B774672B166ADE762441FED1471F1DF6E69B6F2E7FFCF1C7FDAB32C84B179A19336684CA858108F0B5779DD4FBD6553A2BCC929B72D1BCF4F474B75CF049BAD2ECDAB54B1AFB2CE6AC158478A0182FBEF8E2A1279E7822416F90BFAB8A2F8575EBD6ADB4D96CADA3A3A313A97D8FF6ACC562490C0A0A5AE14957662D8E23C00BC72830E5212DEED26FFE528D1D3BB6C4516C1CEFC1F97D38779B29E99702D45C7A3B1A5D59DBD13BEFBCF3D9FDF7DF3FE88D37DEF872FCF8F10155B1CF76F481D737472E5BB66C159F68EDDDB72F5DBAF4585454548C3E0088D0615E7DF5D5576AE4C8CA1FA0481A5FF2F3F31D017E6B4DC80B8478B84D5656D6DF3ED2BA77EFEEE7E6D6F8CC850B1776D63B90D7A975CFA6779A2F520BC52B2DC003AE74F05D5299AFF7F1C71F6FD0416AC85B6FBDF5D9B871E382DC19E4E903CFBEBDB863495D22E486847819E5AB327F55948105FEFDEF7F17B5C2EBBC30A726D43BD7E986DBCC9B37EF939C9C9C03B241BAD38C1933A4153E372525259A5A0780CB3E30587BEEDCB97B66CF9E6D956E0DEE202DF012E0F5CDE1047838AD7BF26B4C8CDC96D678B9A89EE35C9F8A920106DE78E38D029D138A5AE16B4A5E20C4C3ADB2B2B2067FF6D96779D297D71DE2E2E2BED8B56BD79DFAA8FACF313131F9D438005438C8FF71E6CC99563949BA32490BBCD98566B8FC1D6A1B2E1E54E6B08FC9C9C94AAF83150EF212E0F50181FDF8F1E38EEE003935292FF8B2CEC09DE2E3E333BB74E992A877DE77F4EEDDDB5F2E985359F446F9ED73CF3D2767013EADBF103652DB35DF983163A6B76EDD9A8AF0103296FDE2C58BB9D8530DF3FDF7DF1FEED8B1E3777ABF7D7FAB56AD2CCD9B372FB5C1AF73E7CE45A5B4003F6BD6AC009BCD363A3A3A7A0DB58C12F2C2511DB2EFD6777D6490805DBB7619EB950C0870A9A40BCDCB2FBF5CF0CB2FBF14ADBFFAB5FFB726E505423CDC6EFFFEFD71FA0B2175EBD6ADFFA3A70172E25F45490BBC04F8828282F7F417C2BBD432211E8478547E90DFB163C730BDCDF99414E4CB13E0A50BCDCC9933A50FFC68BAD0A08CF52EFE9A6BAE39AA6FDE25415E5AE2E59A1D797979C6A85EE5B90ABC8C42B36AD52AF5EEBBEFDAB3B3B38BD65BBBDDFEB79A961708F1A8123A74EF69D7AE5D820EF2B7FBFAFAE6B76FDF3EC0319EF625CA7CFDF5D7A3F517413FBD413EA3A76F53BB847810E2E19E20DFA54B97DDB1B1B1F7B56DDBD6273C3CFC9277DAD2022F015EDF1C4E0B3CCA233E3E7EAF5EEFA40F6E84C56209D2DFF5C6753864749943870E1917E093C1322443C8B0BAD26546AE562DD7E190F03E7FFE7C9B5E772DFA798E3EF0325EFD4335312F58585D5095222323DBE80D6F5E70707097871E7A28E4DA6BAFAD53CEA75AD7AF5FBF6AD1A245EDF4066C953E6DCB962DFB911AAD5DF43A6097510BE019366FDEAC060C18C0F7480D1715157587DE6FAF983871A2FFEF7FFFFB720FA3E4348C247DE0715979417FD77F20434F56E065B6D6E4BC404B3CAAFA083B531F2D2F6ADFBE7DE27FFFFBDFF0D5AB57D7FFE9A79F8EE88D2CCFCFCF2FCFDFDFBFBE5C54272F2FEF445A5A5A726C6CECF6C58B171F9E3B776EE0EEDDBB2D369B6D4E6A6AEA24FDBC93D466ED434BBC67A125BED6ECB77FE9D4A993DE1DC7DE2FDB5FF3E6CDCBCC0E8E002FC348D2028FCBCD0BBA2CBEE69A6BBED71941AEFE2457C92BEFAF415B7579AEA6E705C68947B5D03B75B952DA8A912347B6DCB76FDFD0BD7BF7DEACEFF7D4452E12219DDEE42C960BBAC8B8AEFFD1E5112EE40400D543C691BFFFFEFBEF7EFDF5D73F9B3871E2859E3D7B96384AC1C1830753E44AACFA26E3C0A352F3823E281C6AB7DB1D7921DCCC0B921B64549BBDBA6C92656B4B5E20C4A35AC995DAF464B65900001E1CE4A3A2A286CD9A356BE5A44993B2AFBBEEBA10D765CC5168A41F3357620579C1CD18271E0000948BF46DCFCFCF1F3273E64CCB8E1D3BB29D1F735CC8A9A0A0600C011E20C40300000F222DF23AC8DF3B7BF66C4B6C6C6C8623C03BFAC0D385069564B82ECE274149EF9157CBF1BCB5B525DF12E2E14E57EB72B3CBBC09BA7474BADFDB9CE7AA9B2E612EF3FEA24B3BA78DD9995C1C62902EB7EB1261DEEF6DDE1ECD4701006E09F2BEEFBEFBEE31023CDCE0165D8E38DD97ABACD6356F3B4649923EF1BF37C3BEA39CD7E54AA7FBFFD0A501211E287E2393F03C4397BF9BB7EFD565B519B85DD7B1EEBA380FF53458974F8A79DD5F74794797FAE632F2BA9DCD702FB79F7309F2B73985FB0D66788FD365A3791B0050C9415E4F866FD9B2A5A54C09F0A8443D7499AF0A1B03EF328B7CF7B731A77F53850D7D7252EB2E5D4E99815F4AAED36DAB994D3208F1C0C5B6E822C387EDD3E53BF3F63A5D12CDDB5BCCE55A981B614B7303FCAB79649CA2CB715DEED0A597D3EB9ED5E569557891861F5DD6D56BCDBF916FDEAF6B6EC0AEE4356CE6513900A092491FF9A0A0A0068C038F4A14607ECFC7995961872A6C185CE3942D9E77F9DEFFB7992DA43477BAFD564DCEBA847854C5C6A8CCA02EADEBD1BAC4A8C2F15E5F35E70D32D7C579E651F7D5E63CE912E3676EB4EBCC302FC347BDA64B2355D84A2FC6A85FBBD9F4329FFBAD2EB79AB7BFE7630000F758B0604126B5804A14640671696D5FA9CB6955D83F5EBECFCF9AD9C0B59BEC4933DC4B4976BA2DADF4B69A5A510C31898A90EE2D6DCD0DA4BB19CC03CC0DB08DB9C10DD165BA2A6C718F303748E9FAB2CD7CEE3933704B6B79962AFCC94B36D883BADCA34B3333989F32C3786773E3968D34D8DCA0E5A7B333E67BDAA3CB09F3F9CDCCF9897C540000780519F5E84333576C3173C557E67CC785C35CCF996B62660E471679D0CC0237D6E48AA2251E15F183FAF527AE63664077ED4EF39019E01D1B5D8AB951C5E8F25F338847981B5F5F33AC3B1F351F55857DDA6E33970D369F7FC27C2D394976B1D3F29D5461F71A09F6D2DD46BAF9FC818F0A0000AFB14415FEC22EE7C44983F364F56B171939EFEEAF2ECBCF5485DD6E241324A9C286C135669827C40365E8A27E7BC26A71249CDF6C1E31CB11B5749BC950BFFEECD5B698E7489799E2AE0C98EC7420E1EC67F33525F84B9FFB11BABCC1C7030080D718A8CBDB4ED920C5292B4843E16197E565108B177579C2BC2FCBBCAC4B5E4DAE24BAD3A03234700AD5A59113511E5785433FF52AC7F26166083F7609EFC5DFDCD8A5255EFACDB72826E8030000CFD4C80CE3D2D8277DDA651424E95EEB18692EA898ACF0FF54E160188E5168E457FDF75561371C09F873D5AFBD0208F1801319BFFD957286726955979352269AE1FC2655D845C6757D0C308FBEA55F9C8CFDBE43FDDA17AE59297F43FAC09F363772797EA8F9774FF1310100E0F1E43B7CB92EFB9DE61D33C3BC905FE87B39057EE942F34FA7651D23D2496BFD9DAAB09F7C4A4DAC28423C2A7AB42C175492EE2A56A7F912D40F1613E06F74DAD0643AD80CE78E6E386D5D36C2EB5561BF76E9F69565CE9733D41F5185E3C73AC8E336A7107F8BF9DEFE611E20CCD1E5FF7489E7230300C0E3ED77B9EFFC9D2F434F7FE314F8B7B82CEBDC0F5E06BFF86F4DAD24423C2A7AB4BCA698F972D2E99B2EF3A425FC0B9779AEF7DF76B9EF383070BE80C872B3389300FF7809EF517E5ABB9F8F0A00805AC1565BFEA39CD80A00000010E201C04D3B2C1F1FBBCD66A3223C80FE1CE492E6F9D4040010E201A05441414127CF9C39434578808C8C0C39C7642F3501008478002895BFBFFFD6ACAC2C2AC203A4A6A6CAF06F31D4040010E201A05456ABF5D59494940B76BB9DCAA85E89E9E9E9326CDB4AAA020008F10050AABE7DFBC6EA00BF3F393999CAA846F1F1F1EBF5E7903C60C080EDD4060010E201A04C56AB75546262E2D9ECEC6C2AA31A6466667E9E9E9EFE479BCD3691DA0080EAE34B1500F0264B962C491B3D7A74ECE9D3A7878486860605060652295518E0E3E2E2BA5A2C96BFDE7EFBED5BA9110020C40340B92D5AB4E8F0A851A3769E3871E26E1D2873434242EAE82915E33E89F1F1F19F242626DE26013E22226235550200D58B6F3D005EEBEBAFBFEEE8E3E3F3869F9FDFB5616161C71A376EDC2C3434345CCFA3722A48C68197612465141A398955FAC04B179A810307C6533B00408807800A5BB76E5D0F8BC5729FBED95F979EBA04512B152617729271E0637459C949AC00000000000000000000000000000000000000000000000000000000000000000000000000000000000000000000000000000000000000000000000000000000000000000000000000000000000000000000000000000000000000000000000000000000000000000000000000000000000000000000000000000000000000000000000000000000000000000000000000000000000000000000000000000000000000000000000000000000000000000000000000000000000000000000000000000000000000000000000000000000000000000000000035C8FF079512AEA65B1338F30000000049454E44AE426082, null);
INSERT INTO `act_ge_bytearray` VALUES ('45', '1', 'leave.bpmn20.xml', '44', 0x3C3F786D6C2076657273696F6E3D22312E302220656E636F64696E673D225554462D38223F3E0A3C646566696E6974696F6E7320786D6C6E733D22687474703A2F2F7777772E6F6D672E6F72672F737065632F42504D4E2F32303130303532342F4D4F44454C2220786D6C6E733A7873693D22687474703A2F2F7777772E77332E6F72672F323030312F584D4C536368656D612D696E7374616E63652220786D6C6E733A7873643D22687474703A2F2F7777772E77332E6F72672F323030312F584D4C536368656D612220786D6C6E733A61637469766974693D22687474703A2F2F61637469766974692E6F72672F62706D6E2220786D6C6E733A62706D6E64693D22687474703A2F2F7777772E6F6D672E6F72672F737065632F42504D4E2F32303130303532342F44492220786D6C6E733A6F6D6764633D22687474703A2F2F7777772E6F6D672E6F72672F737065632F44442F32303130303532342F44432220786D6C6E733A6F6D6764693D22687474703A2F2F7777772E6F6D672E6F72672F737065632F44442F32303130303532342F44492220747970654C616E67756167653D22687474703A2F2F7777772E77332E6F72672F323030312F584D4C536368656D61222065787072657373696F6E4C616E67756167653D22687474703A2F2F7777772E77332E6F72672F313939392F585061746822207461726765744E616D6573706163653D22687474703A2F2F7777772E61637469766974692E6F72672F70726F63657373646566223E0A20203C70726F636573732069643D226C6561766522206E616D653D226C656176652220697345786563757461626C653D2274727565223E0A202020203C73746172744576656E742069643D2273746172744C6561766522206E616D653D22E5BC80E5A78BE8AFB7E58187223E0A2020202020203C657874656E73696F6E456C656D656E74733E0A20202020202020203C61637469766974693A666F726D50726F70657274792069643D226E616D6522206E616D653D226E616D652220747970653D22737472696E67223E3C2F61637469766974693A666F726D50726F70657274793E0A2020202020203C2F657874656E73696F6E456C656D656E74733E0A202020203C2F73746172744576656E743E0A202020203C757365725461736B2069643D226A696E676C6922206E616D653D22E7BB8FE79086E5AEA1E689B9222061637469766974693A63616E64696461746547726F7570733D2267726F75705F746573745F31223E0A2020202020203C657874656E73696F6E456C656D656E74733E0A20202020202020203C61637469766974693A666F726D50726F70657274792069643D2267726F7570496422206E616D653D2267726F757049642220747970653D22737472696E67223E3C2F61637469766974693A666F726D50726F70657274793E0A20202020202020203C61637469766974693A666F726D50726F70657274792069643D22726573756C7422206E616D653D22726573756C742220747970653D22737472696E67223E3C2F61637469766974693A666F726D50726F70657274793E0A2020202020203C2F657874656E73696F6E456C656D656E74733E0A202020203C2F757365725461736B3E0A202020203C706172616C6C656C476174657761792069643D227369642D41313444443645462D384242302D343539382D394437412D393334393343304641463534223E3C2F706172616C6C656C476174657761793E0A202020203C73657175656E6365466C6F772069643D227369642D31383032353239442D354439382D344643422D394446412D4232414430333733363343342220736F757263655265663D2273746172744C6561766522207461726765745265663D226A696E676C69223E3C2F73657175656E6365466C6F773E0A202020203C656E644576656E742069643D22656E6422206E616D653D22E7BB93E69D9F223E3C2F656E644576656E743E0A202020203C757365725461736B2069643D2272656E73686922206E616D653D22E4BABAE4BA8BE5AEA1E689B9222061637469766974693A63616E64696461746547726F7570733D2267726F75705F746573745F33223E0A2020202020203C657874656E73696F6E456C656D656E74733E0A20202020202020203C61637469766974693A666F726D50726F70657274792069643D2267726F7570496422206E616D653D2267726F757049642220747970653D22737472696E67223E3C2F61637469766974693A666F726D50726F70657274793E0A20202020202020203C61637469766974693A666F726D50726F70657274792069643D22726573756C7422206E616D653D22726573756C742220747970653D22737472696E67223E3C2F61637469766974693A666F726D50726F70657274793E0A2020202020203C2F657874656E73696F6E456C656D656E74733E0A202020203C2F757365725461736B3E0A202020203C73657175656E6365466C6F772069643D227369642D30323245314438452D383832362D343739442D413739462D4446443835414345454133432220736F757263655265663D2272656E73686922207461726765745265663D22656E64223E3C2F73657175656E6365466C6F773E0A202020203C73657175656E6365466C6F772069643D227369642D33383431344433452D324443332D344245362D394136342D4446413342343537333244432220736F757263655265663D226A696E676C6922207461726765745265663D227369642D41313444443645462D384242302D343539382D394437412D393334393343304641463534223E3C2F73657175656E6365466C6F773E0A202020203C73657175656E6365466C6F772069643D227369642D30323939454336352D334244372D343446312D413433422D3831303631443930394231392220736F757263655265663D227369642D41313444443645462D384242302D343539382D394437412D39333439334330464146353422207461726765745265663D2272656E736869223E0A2020202020203C636F6E646974696F6E45787072657373696F6E207873693A747970653D2274466F726D616C45787072657373696F6E223E3C215B43444154415B247B20726573756C74203D3D20223022207D5D5D3E3C2F636F6E646974696F6E45787072657373696F6E3E0A202020203C2F73657175656E6365466C6F773E0A202020203C73657175656E6365466C6F772069643D227369642D36353933353036422D463744302D343746412D413431442D4446454146453035353945462220736F757263655265663D227369642D41313444443645462D384242302D343539382D394437412D39333439334330464146353422207461726765745265663D22656E64223E0A2020202020203C636F6E646974696F6E45787072657373696F6E207873693A747970653D2274466F726D616C45787072657373696F6E223E3C215B43444154415B247B20726573756C74203D3D20223122207D5D5D3E3C2F636F6E646974696F6E45787072657373696F6E3E0A202020203C2F73657175656E6365466C6F773E0A20203C2F70726F636573733E0A20203C62706D6E64693A42504D4E4469616772616D2069643D2242504D4E4469616772616D5F6C65617665223E0A202020203C62706D6E64693A42504D4E506C616E652062706D6E456C656D656E743D226C65617665222069643D2242504D4E506C616E655F6C65617665223E0A2020202020203C62706D6E64693A42504D4E53686170652062706D6E456C656D656E743D2273746172744C65617665222069643D2242504D4E53686170655F73746172744C65617665223E0A20202020202020203C6F6D6764633A426F756E6473206865696768743D2233302E30222077696474683D2233302E302220783D223135302E302220793D223233312E30223E3C2F6F6D6764633A426F756E64733E0A2020202020203C2F62706D6E64693A42504D4E53686170653E0A2020202020203C62706D6E64693A42504D4E53686170652062706D6E456C656D656E743D226A696E676C69222069643D2242504D4E53686170655F6A696E676C69223E0A20202020202020203C6F6D6764633A426F756E6473206865696768743D2238302E30222077696474683D223130302E302220783D223330302E302220793D223230362E30223E3C2F6F6D6764633A426F756E64733E0A2020202020203C2F62706D6E64693A42504D4E53686170653E0A2020202020203C62706D6E64693A42504D4E53686170652062706D6E456C656D656E743D227369642D41313444443645462D384242302D343539382D394437412D393334393343304641463534222069643D2242504D4E53686170655F7369642D41313444443645462D384242302D343539382D394437412D393334393343304641463534223E0A20202020202020203C6F6D6764633A426F756E6473206865696768743D2234302E30222077696474683D2234302E302220783D223531302E302220793D223232362E30223E3C2F6F6D6764633A426F756E64733E0A2020202020203C2F62706D6E64693A42504D4E53686170653E0A2020202020203C62706D6E64693A42504D4E53686170652062706D6E456C656D656E743D22656E64222069643D2242504D4E53686170655F656E64223E0A20202020202020203C6F6D6764633A426F756E6473206865696768743D2232382E30222077696474683D2232382E302220783D223637352E302220793D223233322E30223E3C2F6F6D6764633A426F756E64733E0A2020202020203C2F62706D6E64693A42504D4E53686170653E0A2020202020203C62706D6E64693A42504D4E53686170652062706D6E456C656D656E743D2272656E736869222069643D2242504D4E53686170655F72656E736869223E0A20202020202020203C6F6D6764633A426F756E6473206865696768743D2238302E30222077696474683D223130302E302220783D223438302E302220793D2236302E30223E3C2F6F6D6764633A426F756E64733E0A2020202020203C2F62706D6E64693A42504D4E53686170653E0A2020202020203C62706D6E64693A42504D4E456467652062706D6E456C656D656E743D227369642D33383431344433452D324443332D344245362D394136342D444641334234353733324443222069643D2242504D4E456467655F7369642D33383431344433452D324443332D344245362D394136342D444641334234353733324443223E0A20202020202020203C6F6D6764693A776179706F696E7420783D223430302E302220793D223234362E3133383530343135353132343635223E3C2F6F6D6764693A776179706F696E743E0A20202020202020203C6F6D6764693A776179706F696E7420783D223531302E34343434343434343434343434362220793D223234362E3434343434343434343434343436223E3C2F6F6D6764693A776179706F696E743E0A2020202020203C2F62706D6E64693A42504D4E456467653E0A2020202020203C62706D6E64693A42504D4E456467652062706D6E456C656D656E743D227369642D31383032353239442D354439382D344643422D394446412D423241443033373336334334222069643D2242504D4E456467655F7369642D31383032353239442D354439382D344643422D394446412D423241443033373336334334223E0A20202020202020203C6F6D6764693A776179706F696E7420783D223138302E302220793D223234362E30223E3C2F6F6D6764693A776179706F696E743E0A20202020202020203C6F6D6764693A776179706F696E7420783D223330302E302220793D223234362E30223E3C2F6F6D6764693A776179706F696E743E0A2020202020203C2F62706D6E64693A42504D4E456467653E0A2020202020203C62706D6E64693A42504D4E456467652062706D6E456C656D656E743D227369642D30323939454336352D334244372D343446312D413433422D383130363144393039423139222069643D2242504D4E456467655F7369642D30323939454336352D334244372D343446312D413433422D383130363144393039423139223E0A20202020202020203C6F6D6764693A776179706F696E7420783D223533302E3433313530363834393331352220793D223232362E3433313530363834393331353037223E3C2F6F6D6764693A776179706F696E743E0A20202020202020203C6F6D6764693A776179706F696E7420783D223533302E313336353138373731333331312220793D223134302E30223E3C2F6F6D6764693A776179706F696E743E0A2020202020203C2F62706D6E64693A42504D4E456467653E0A2020202020203C62706D6E64693A42504D4E456467652062706D6E456C656D656E743D227369642D36353933353036422D463744302D343746412D413431442D444645414645303535394546222069643D2242504D4E456467655F7369642D36353933353036422D463744302D343746412D413431442D444645414645303535394546223E0A20202020202020203C6F6D6764693A776179706F696E7420783D223534392E353630313236353832323738352220793D223234362E3433393837333431373732313531223E3C2F6F6D6764693A776179706F696E743E0A20202020202020203C6F6D6764693A776179706F696E7420783D223637352E303030303639363538383435392220793D223234362E3034343136333831383131303932223E3C2F6F6D6764693A776179706F696E743E0A2020202020203C2F62706D6E64693A42504D4E456467653E0A2020202020203C62706D6E64693A42504D4E456467652062706D6E456C656D656E743D227369642D30323245314438452D383832362D343739442D413739462D444644383541434545413343222069643D2242504D4E456467655F7369642D30323245314438452D383832362D343739442D413739462D444644383541434545413343223E0A20202020202020203C6F6D6764693A776179706F696E7420783D223538302E302220793D223130302E30223E3C2F6F6D6764693A776179706F696E743E0A20202020202020203C6F6D6764693A776179706F696E7420783D223638392E302220793D223130302E30223E3C2F6F6D6764693A776179706F696E743E0A20202020202020203C6F6D6764693A776179706F696E7420783D223638392E302220793D223233322E30223E3C2F6F6D6764693A776179706F696E743E0A2020202020203C2F62706D6E64693A42504D4E456467653E0A202020203C2F62706D6E64693A42504D4E506C616E653E0A20203C2F62706D6E64693A42504D4E4469616772616D3E0A3C2F646566696E6974696F6E733E, '0');
INSERT INTO `act_ge_bytearray` VALUES ('46', '1', 'leave.leave.png', '44', 0x89504E470D0A1A0A0000000D49484452000002C9000001280806000000AAC56C57000017D74944415478DAEDDD7F6C95F5BDC0F1FEA1F126FEE135717F18AFC9CCBDF12EFB6331C6C52D5E136266A20906B7E82AD02961846E5E750C31D36DA4C6CDACBA6CC4FDC87E84641BE1CA0C218CCBE5A2B6E557450820C10EC4D10BC8F8693B2EB28E1686FADCE7F3A44FEFA1BF7F9C9E73CA79BD926FFAB4E7B425876FDB77BFFD9EE7A9A90100000000000000000000000000000000000000000000000000000000000000000000000000000000000000000000000000000000000000000000000000000000000000000000000000000000000000000000000000000000000000000000000000000000000000000000000000000000000000000000000000000000000000000000000000000000000000000000000000000000000000000000000000000000000000000000802A9324C915870E1D5AB97DFBF68F5A5A5A92A6A626A3C4A3B9B939D9B265CB5FD25167460200548008E4D6D6D6A4A3A323B970E18251A6D1D9D9996CDEBCF96C1ACC0F9895000065162BC802B96242F9425353D37EB31200A0CC628B8540AD9C9146F245B31200A0CC624FAC38ADA8484ECC4A00802912C97FFBE0647268E76F927DCDCF65238EE36DC256240300546524779D399EEC7D6D71F2F6BAA72E19F1B6B84DDC8A640080AA8BE4A3FBFE734020E7E3D8BEB5E256240300545F24EFDFF8C290911CB7895B910C00507591BCB7E9D92123396E13B722190040248B64910C0050ED911C67B3182A92E336712B920100AA2E92DBB7FE6CC8488EDBC4AD480600A8BA483E7DBC2DD9FB7AC3C0AD16E9DBE236712B920100AA2E92631CDEB56C4024C7DB84AD480600A8CE483E7F3E697FF31703B75AA46F8BDBC4AD480600A8AA488E2BEA1DD8FAD321F724C76DAEBA27920100AA2392CF9F4F4EB66F48FEF8EAB7870CE47CC47DE2BE5695453200C0651BC923AD1E5B5516C900005517C9A3593D1E6E5559EC8A640080CB2E92C71BC8F910BB221900E0B28B64432403008864712A92010010C922190000912C92010010C922190000912C92010010C922190000912C92010010C922190000912C924532008048364432008048364432008048364432008048364432008048364432008048364432008048364432008048364432008048364432000022B922C7430F3D644CC1E13B090088E4A28DF4D3278F3EFAE8A8EFBF6AD5AAE4E69B6FBEE46DEFBCF3CEB01FFFA5975E1AF1DFB068D1A2BEE3B56BD7F61DEFD8B1C34A322312C90020928B1EC9F7DD77DF90B77FF6B39FCDC6C30F3F9CAC59B326B9FEFAEBB311C7317EF9CB5F661FE3D8B163D9FD376FDE9CBD3DBFFF0D37DC90DC7EFBED7DF78FC8BEE9A69B06FC1B962E5DDA77FCF2CB2F0F3816C988640010C9258DE488DEE1EE13E1FB99CF7C664024FFFCE73F4FAEBEFAEA011FAF306CAFBAEAAAA4B1B1B1EFF52BAFBC3279E69967B2E383070F661F27DE67DAB469C92BAFBC921DE72BD371DCD6D696ECDAB54B2423920140249766F4F4F464217ACD35D70C7BBF952B5726B7DE7A6B72E2C4892C9663C4F1F2E5CB931B6FBCF192FB9E3D7B36D9BD7B77767B8C9ADE55E2387EF7DD77070DF29A7E2BC9D75E7B6DB6E21CC7EBD7AFCF5EC6EB2219910C002279D247ECF7ADE95D498E601EEA7E77DE7967B270E1C2A4ABAB2BB9E5965BB211C711C32D2D2D8346EFB265CBB2FBC47144761CC75EE3FE2BCFF9FD639F73AC18C7F1B66DDBFADE1E9FCB760B44320088E4926EB5B8F7DE7B93D6D6D6EC78A8505EB76EDDA07B9263BF71C4EDD1A347077CDC3BEEB8A36F2BC5DCB973FBDE77C68C197DF78BCF3B6BD6ACEC3EF9639047757E1C5B304432221900447249B75AC48A6F1EA42FBEF8E225F73972E44872D75D7765213D58242F5EBC3859B06041F6BE85FB86FB876EDC378E63EB44E1D68E73E7CE25A74F9F1EF064BDC2F78D3DC9C3AD728B6444320088E4A2AE22D7D7D7F7BDBE77EFDE4BA279342BC9D75D775DF2C52F7E71D08F1D71DD7F2539EE1F513DD29EE4D806B275EBD6EC38423D5EC6BF4F2423920140244F6A20C73687C1CE811CB7C593F4CE9C393360E5395EC68A6FBED21B67A7686F6F1FF173E52BC9FD476767675F04C7C7CC57B763E4EF1BFB9E6B0ACEA32C9211C90020928B3AE25CC6710AB638A5DB70A77B8B283D7CF8F0256F8F688ED5DEB8ADA1A1614C419E5F1C64B011B7D5143C59AF30A8E3B6BBEFBE3BDBEE919F87592423920140244FF951EAFDC4225924030022D910C988640010C98648462403804836443222190044B2219211C900804816C988640040248B644432002092453222190010C92219910C008864918C48060044B2484624030022592423920100912C9211C90080483644B248060044B2219245320020920D912C920100916C8864910C00886443248B640040241B2219910C0022D910C988640010C98648462403804836443222190044B24816C988640040248B644432002092453222190010C92219910C008C5F4B4B8B38AD9CD19346F245B35224030065B665CB96931D1D1D02B502C6F1E3C77F9F46F27EB35224030065B661C386199B366DFAE0FDF7DFEF16AAE55B418E406E6E6E3E928E07CC4A910C00548034CCA6373535ED8C3FF5C79E58A3E4231EF7FD0259240300143352D646A84C9B36ED0A8F06221900A87AB5B5B59F4B23E56284CACC9933EFF18820920100915C5BBB3A22A577ECF488209201806A8F93DBF255E47CA4D13CDD2383480600AA394ED6160672BE9A6C6F32221900A8D63019B08A9C8F993367DEEF1142240300D51826EB070BE4DEB1CD2384480600AA2D4A865C45B63719910C00546B94AC1D2E909DE902910C00205430F70000840AE61E008050C1DC0300102A987B00004205730F0040A860EE01000815CC3D0000A182B90700205430F70000840A987B00805001730F00102A60EE01004205CC3D0040A880B90700081530F70000A102E61E002054C0DC0300102A987B00004205730F0040A860EE01000815CC3D0000A182B90700205430F70000840AE61E008050C1DC0300102A987B0000420573CFDC0300840A987B00805001730F00102A60EE01004205CC3D0040A880B90700081530F70000A102E61E002054840AE61E008050C1DC0300102A987B00004205730F0040A860EE01000815CC3D0000A182B90700205430F70000840AE61E008050C1DC0300102A60EE01004205CC3D0040A880B90700081530F70000A102E61E002054C0DC0300840A987B00805001730F0040A860EE01000815CC3D0000A182B90700205430F700A6A42449AE3874E8D0CAEDDBB77FD4D2D29234353519251ECDCDCDC9962D5BFE928E3A3312A182B907500122905B5B5B938E8E8EE4C2850B469946676767B279F3E6B369303F6056225430F700CA2C56900572C584F285A6A6A6FD66254205730FA0CC628B8540AD9C9146F245B312A182B9075066B127569C565424FB018550C1DC03982A91FCB70F4E268776FE26D9D7FC5C36E238DE266C45324205730FA02A23B9EBCCF164EF6B8B93B7D73D75C988B7C56DE25624235430F700AA2E928FEEFBCF01819C8F63FBD68A5B918C50C1DC03A8BE48DEBFF1852123396E13B72219A182B907507591BCB7E9D92123396E13B72219A182B907209245B24846A860EE01547B24C7D92C868AE4B84DDC8A64840AE61E40D54572FBD69F0D19C9719BB815C90815CC3D80AA8BE4D3C7DB92BDAF370CDC6A91BE2D6E13B72219A182B9075075911CE3F0AE65032239DE266C45324205730FA03A23F9FCF9A4FDCD5F0CDC6A91BE2D6E13B72219A182B9075055911C57D43BB0F5A743EE498EDB5C754F2423549892F36C6DCCB511C64E8F142092FBAD1E9F6CDF90FCF1D56F0F19C8F988FBC47DAD2A8B644432536A9EDD968E8BC345726D6DED748F14209247B97A6C5559242392B96CE6DAFA612279DBB469D3AEF0280122B9778C66F578B85565B12B9211C94C99B976DB50913C73E6CCFB3D4280482E18E30DE47C885D91CC84DCD31BC9F778282851280FB63779A7556440248B53914CA5F8423ACEA46349EF4BFB412945240FD89B6C2F32209245B248A6D202398F935849EE14CA94421AC5ABAD22038864914CA507F2486F876247F2E70AF622DBEA03209245326577CF08219CDF2E5C9854F9DE64ABC85C969224F987B6B6B6FADFFDEE779B1B1B1BCF3EF1C41317E7CC9993FD66585757F7F1D7BFFEF50BDFF9CE770EBDF0C20BCBD3F1AF1E3144B248A6220279A400B6A24CD1CD9E3DFB9F6A6B6B1F4B1B61653ADAD371AE7735B9271D877BB7602C8AFB79B498D271BC6AD5AA65DFFBDEF72E2E58B020F9D5AF7E956CDFBE3D397EFC78D2D3D3938478D9D1D191BCF5D65B491AD1C937BEF18D8FBFF9CD6FBE377FFEFC791E41916C88644AEE0B35635B211EEBFD6150716AB77434A5E3C228AEB8978F8DE9FDEB3C7A4C29690CCFFDFEF7BF7FFEA9A79ECA02F8C30F3F4C466BCF9E3DC9D34F3FFD617D7DFDFE071F7CF05F3C9A22D910C9943490A78FE3FDBA8432E39186EE27D3D07D750C613CD868D50B54BCB471AF58B366CD86AF7DED6BC9DAB56BC714C7FDBDFAEAABC9DCB973BBAD2A8B64432453B1815CACF7A70AD5D6D63E346BD6ACFF2D0CDED9B367273FF8C10F920D1B36247FFEF39F93BFFEF5AF59139C3B772EFB4BF4D6AD5B93254B96245FF9CA57FA87729755652A3A90376DDAB4E3F1C71F4F0E1C389014C37BEFBD97A4C1DD3D6FDEBC7FF7088B6443243329467A925EF62DBE604CE4E3401EC8D3D3A8FDB0308E972F5F9E6DC11C8D3367CE64F78FF7EB77453E0B6B549E58418E401EED041FADF878F3E7CFF71BA2483644329317C8236D95184D24072BCA8C26901F2A0CE4850B1766ABC6E311EF175B3BFB85B25EA072C41EE4D86251AC15E4C156941F7EF8E133E9C4FF94475B241B2299A218CB93EE461BC963FDB85499D8835CB8C5A2A1A1A16F4BC578C5568CE79F7FBEFFD60BBD40F9C5592C9E7BEEB90BB1077932AD5BB7AE7BF6ECD9DB3CE222D910C9142D9047BBE23B964816CA0C290DE4E6C215E48906726128F75B516EF5685376AB57AFFE8F98987FFFFBDF93C9F6E8A38F9EF26714916C88644A1AC8E389E49A1A7B94E9274EF356B80779BC5B2C86DB7A51B847592F5056B18A1CE7418ED3BC95C2DB6FBF7DC16AB248364432E336DE701D4F248F37C8B97C23B9290FD878D2DD6458B16285D5642A435C492F9EAC379153BD8DD5DCB9734FC59E268FFED4FC06998E7F13C92299C9FF3A1A2690C7B30562BC915C18CAB65E54F19C8C2BE4E54FD68BD5DED3A74F4F4A23C4592FFA9D1E4E2F501E71A9E9A54B9726A5B464C9923D71494A8FFED453F027B0A6DADADACF896491CCE47D1D1539542712C9F9E7EFACB1A25CB573B2F752D3D9FD5E7CF1C5C9EE84C248D60B94476363E3D9B8D47429BDF9E69BEFA5937EAD477FEA7E232D18EB075B7D10C92299897F1D0D12C81309D48946724D8D3DCA553D27D3B7ADCC6FDFB469D3A476425C70A4E0DFA217288F279E78E2E2C993274B1AC9A74E9DEA4827FD518FFE65F18DB46FF5A1F01BAA4816C94CFCEBA888815CAC482EE6BF87293627D3D7DBF3B717FB097BFDC595F90AFE1D7A81F29833674ED2D3D353D2488ECF974EFA1E8FFEE5F38DB470F521FE542792453213FF3AAA19FB95F48A3D460A657B94AB684EA6A33B7FBD58A77D1BEE7470059F5B2F50BE2F8C7218C517A431858748AEAC614E4EBDF1A52F7D290FD5256358212E55248725FE9FAA7794BA13D41A65F1C8238F7C5CEA95E4EEEEEE537E33BCEC561B76D6D6D64E9F366DDA1571BF5247F2EEDDBBB31FEAB1FA10CFB8CEC73BEFBC936CDBB66DD8F73D7CF8F025AFC733ABDF7DF7DD21EF1F9FE7A5975E1AF663C67D162D5AD4771C17EAC98F77ECD86125D9D7D1A8BE8E6A4677360B2BC994644EC655F0AC2453551E7FFCF10BA5DE937CE2C4893FD96374D97C23EDFF43BDA61C911C3FD09F79E699EC389EF0D1D9D9994572BCFDCB5FFE72DFFDD2B9979DDBF3F39FFF7CB26CD9B2E4D7BFFE75769FD5AB57672FE7CD9B97AC5CB9B22FB8E37D366FDE9CAC59B3262EAB9EBDBCE1861B92DB6FBF3D3B8EB16AD5AAE4A69B6E1AF0EF89B3C6E4C72FBFFCF2806391ECEB68A4AFA38220EDAAB1279932CF497B92A93A8B172F6E2FF5D92D5E7BEDB5FFF66CD529FF8D745B5C7969881FEA258DE47C15B9FF2AEF273EF189E48E3BEE1832AA2370F3E33D7BF6642F7FFBDBDF26478E1CC98E23A8070BDBABAEBA2A696C6CEC7BFDCA2BAFEC0BF483070F661F37DE277D6C92575E79253B8E15EDFC63B5B5B525BB76ED12C9BE8E46FC3A2AF2CAADB35B30A139E9EC16549D1FFEF0874B4B7D9EE486868675CE7B3865BF910EB7E255F2488E28CD23F6D39FFE7472D75D77656F8F55E2388E97575F7D7572F4E8D14123B9ABAB2B3B8ED5E59A8295E4EBAFBFBEEFBE67CF9ECD423CA239464DEF2A711CC7B68CC2FB0EB5927CEDB5D7662BCE71BC7EFDFAEC65BC2E927D1D8DE1DD26BA823BD148BEADC67992AB7A4E3A4F3255E7BBDFFDEE3F3FF6D8631F95F08A7B3DB366CD3AE80A3A97B7524572ACFAC64A6E7B7B7BF6C33FA2F99A6BAE497EFCE31FF7DD27566DE3B6F8374514E7DB2962AB45AC3AC771BE3523623B0FE1C2B08ED723B8F3A88E8F11C7B1D738227CB048BEF9E69BFB3E77BE2F3A8E6FB9E516DB2D18AF89ACE44EF48A7BB1E5E37EFF05D52BAEB897FEECBE588A2BEED5D5D57DEC8A7B5484850B17FECF5B6FBD55AAAD16CB5D8B5D2417739C3A752AFBC11FFB902370632F71046C3ED6AD5B97C5F470DB2DF2708E7DC771BC71E3C601F78FAD1BF9568AB973E766C7B18A3C63C68CBEFBB5B6B626E92F817D515EF8F1F3E3D88221929980F1AE288F3792F3CF2790C92E5F9DC76BFC056E32AC58B1A27015592F505E5FFDEA571F7CF2C9272F966035F94C1A10BBD32FB23A8FBA482EC68833B3C40FFDD8271CDFB063FBC3B7BEF5AD6CDF6F4DEF1EE308E75899E81FBDB1EA1CF11C1FA370EF71C4F660515D18BA7960C7D68958B9CEEF979F5DA3A6DF93F50ADF37FE6DF9E714C98C53AC288F75EBC37822D91E64FA47F2FD79C0C66A72B19FC0171F2FED848F0B2E66A21728BFFAFAFAB6F8D3F1648AFDCFF15BE118F7E12192871D11B5F9713C01AF307A075BB58DAD0F71DB7DF7DD973DA12EE67DBE421C2BC9B157385684FB4772EC71EEBF927CDD75D7250B162C18714F729CF62D9E8812C7F91303F7EEDD2B929968288FE5C97C638D64A7796350E9CFF18D79C42E5CB8B068A7838B4586279F7CF2C3C25564BD40A54CFA4FA63FF8BB0F1C38302981DCD6D6B626FD1C27D3DF0A3FE5D116C9C51A718EE3F8A17FE38D37662BC985C15C18C9717CECD8B16C9F711CB7B4B40C1AB685ABBF71FF91CE8C3158B0E7111CABC7F94A774DC1D937F2B371E4E75116C94CC058B65E8C2592C71AE054592FA4A3338FD986868609877204F2F3CF3F5FB80FB94B2F5051EAEAEA66D7D7D79FEBE8E8286A20A7B1F1C6AC59B38EF8B389489EAC50CE8F6FBDF5D6BE7318C78A707E2EE33BEFBC73C04545622F733C89EEDE7BEFCDEE13DF98E332ED711CE7518EAD144345727E7190C146DC5653F064BDC2A08EDBEEBEFBEEEC730E15E12299490AE5D146F278B67250656A6B6B1FCA9FC497AF288F77EB45BC5FBF1564DB2CA84CB367CF9E3B7FFEFCAE62AD28C70A720472FA05F5B44757245F0EA3D4FB894532450AE5B15C494F2033A23466E7148672EC518EBFE8C57340467B168B78925EE11EE4187A818AFF0DB1AEAEEEEC1FFEF087BF4DE0C97C677EF4A31FFD26B658C417924755241B22994935D12D12B65830AE5E48C799C2C88D588EF328C70547629538DF8A115B2AE24A7AF1FC8C9FFCE427C9238F3CF251BFABFC75E905A6CA6F889F4C7FBB6BA9AFAF3FB57BF7EEEEB19C07F9F5D75F5F9146F6CED8746F4F9148364432250FE5B1AE047B921E13EA85C253C38D73E805A6E4E47F206279CE9C391D8D8D8DFBDE78E38D23E96F8227E34FCEA1BBBBFBD4891327FED4DCDCFC5FCF3EFBECFAF437C84331D9E3B741CF4A15C98648A6E4C6BA65C2160B8AD60BBDB17C712C71AC1798F2E24A3BE9E45FD07BEDF6C3E9E8E99DE0F1F2685C5B3D2E1DE9CA38886491CC9409E5B8D4B42BE9A1170044B248A66ADCD31BC0F70C737BA7400600912C92A93643AD28DB62010022D910C942B92088053200886443245310C64B04320088644324F3FF620F7252E3346F0020920D91CC25FED143000022D910C9000022D910C9000022D910C9000022D910C9000022D910C9000022D910C9000022D910C9000022D910C9000022D910C900008864910C00804816C900008864910C00804816C900008864910C00804816C900004C9E969616715A39A3278DE48B66250040996DD9B2E56447478740AD8071FCF8F1DFA791BCDFAC040028B30D1B36CCD8B469D307EFBFFF7EB7502DDF0A7204727373F391743C60560200548034CCA6373535ED8C3FF5C79E58A3E4231EF7FD0219000000000000000000000000000000000000000000000000002889FF037B2FE03113F5F3AE0000000049454E44AE426082, '1');

-- ----------------------------
-- Table structure for act_ge_property
-- ----------------------------
DROP TABLE IF EXISTS `act_ge_property`;
CREATE TABLE `act_ge_property` (
  `NAME_` varchar(64) COLLATE utf8_bin NOT NULL,
  `VALUE_` varchar(300) COLLATE utf8_bin DEFAULT NULL,
  `REV_` int(11) DEFAULT NULL,
  PRIMARY KEY (`NAME_`)
) ENGINE=InnoDB DEFAULT CHARSET=utf8 COLLATE=utf8_bin;

-- ----------------------------
-- Records of act_ge_property
-- ----------------------------
INSERT INTO `act_ge_property` VALUES ('next.dbid', '25001', '11');
INSERT INTO `act_ge_property` VALUES ('schema.history', 'create(5.22.0.0)', '1');
INSERT INTO `act_ge_property` VALUES ('schema.version', '5.22.0.0', '1');

-- ----------------------------
-- Table structure for act_hi_actinst
-- ----------------------------
DROP TABLE IF EXISTS `act_hi_actinst`;
CREATE TABLE `act_hi_actinst` (
  `ID_` varchar(64) COLLATE utf8_bin NOT NULL,
  `PROC_DEF_ID_` varchar(64) COLLATE utf8_bin NOT NULL,
  `PROC_INST_ID_` varchar(64) COLLATE utf8_bin NOT NULL,
  `EXECUTION_ID_` varchar(64) COLLATE utf8_bin NOT NULL,
  `ACT_ID_` varchar(255) COLLATE utf8_bin NOT NULL,
  `TASK_ID_` varchar(64) COLLATE utf8_bin DEFAULT NULL,
  `CALL_PROC_INST_ID_` varchar(64) COLLATE utf8_bin DEFAULT NULL,
  `ACT_NAME_` varchar(255) COLLATE utf8_bin DEFAULT NULL,
  `ACT_TYPE_` varchar(255) COLLATE utf8_bin NOT NULL,
  `ASSIGNEE_` varchar(255) COLLATE utf8_bin DEFAULT NULL,
  `START_TIME_` datetime(3) NOT NULL,
  `END_TIME_` datetime(3) DEFAULT NULL,
  `DURATION_` bigint(20) DEFAULT NULL,
  `TENANT_ID_` varchar(255) COLLATE utf8_bin DEFAULT '',
  PRIMARY KEY (`ID_`),
  KEY `ACT_IDX_HI_ACT_INST_START` (`START_TIME_`),
  KEY `ACT_IDX_HI_ACT_INST_END` (`END_TIME_`),
  KEY `ACT_IDX_HI_ACT_INST_PROCINST` (`PROC_INST_ID_`,`ACT_ID_`),
  KEY `ACT_IDX_HI_ACT_INST_EXEC` (`EXECUTION_ID_`,`ACT_ID_`)
) ENGINE=InnoDB DEFAULT CHARSET=utf8 COLLATE=utf8_bin;

-- ----------------------------
-- Records of act_hi_actinst
-- ----------------------------
INSERT INTO `act_hi_actinst` VALUES ('20021', 'leave:1:43', '20020', '20020', 'startLeave', null, null, '', 'startEvent', null, '2018-04-13 15:40:49.304', '2018-04-13 15:40:49.306', '2', '');
INSERT INTO `act_hi_actinst` VALUES ('20024', 'leave:1:43', '20020', '20020', 'jingli', '20025', null, '', 'userTask', null, '2018-04-13 15:40:49.306', '2018-04-13 15:41:17.572', '28266', '');
INSERT INTO `act_hi_actinst` VALUES ('20027', 'leave:1:43', '20020', '20020', 'sid-A14DD6EF-8BB0-4598-9D7A-93493C0FAF54', null, null, null, 'parallelGateway', null, '2018-04-13 15:41:17.572', '2018-04-13 15:41:17.572', '0', '');
INSERT INTO `act_hi_actinst` VALUES ('20030', 'leave:1:43', '20020', '20020', 'renshi', '20031', null, '', 'userTask', null, '2018-04-13 15:41:17.575', '2018-04-13 15:41:46.973', '29398', '');
INSERT INTO `act_hi_actinst` VALUES ('20033', 'leave:1:43', '20020', '20029', 'end', null, null, '', 'endEvent', null, '2018-04-13 15:41:17.581', '2018-04-13 15:41:17.581', '0', '');
INSERT INTO `act_hi_actinst` VALUES ('20038', 'leave:1:43', '20020', '20020', 'end', null, null, '', 'endEvent', null, '2018-04-13 15:41:46.973', '2018-04-13 15:41:46.973', '0', '');
INSERT INTO `act_hi_actinst` VALUES ('22502', 'leave:1:47', '22501', '22501', 'startLeave', null, null, '', 'startEvent', null, '2018-04-13 15:45:36.157', '2018-04-13 15:45:36.165', '8', '');
INSERT INTO `act_hi_actinst` VALUES ('22505', 'leave:1:47', '22501', '22501', 'jingli', '22506', null, '', 'userTask', null, '2018-04-13 15:45:36.166', '2018-04-13 15:45:57.076', '20910', '');
INSERT INTO `act_hi_actinst` VALUES ('22510', 'leave:1:47', '22501', '22501', 'sid-A14DD6EF-8BB0-4598-9D7A-93493C0FAF54', null, null, null, 'parallelGateway', null, '2018-04-13 15:45:57.076', '2018-04-13 15:45:57.076', '0', '');
INSERT INTO `act_hi_actinst` VALUES ('22513', 'leave:1:47', '22501', '22501', 'renshi', '22514', null, '', 'userTask', null, '2018-04-13 15:45:57.080', null, null, '');
INSERT INTO `act_hi_actinst` VALUES ('22516', 'leave:1:47', '22501', '22512', 'end', null, null, '', 'endEvent', null, '2018-04-13 15:45:57.083', '2018-04-13 15:45:57.083', '0', '');

-- ----------------------------
-- Table structure for act_hi_attachment
-- ----------------------------
DROP TABLE IF EXISTS `act_hi_attachment`;
CREATE TABLE `act_hi_attachment` (
  `ID_` varchar(64) COLLATE utf8_bin NOT NULL,
  `REV_` int(11) DEFAULT NULL,
  `USER_ID_` varchar(255) COLLATE utf8_bin DEFAULT NULL,
  `NAME_` varchar(255) COLLATE utf8_bin DEFAULT NULL,
  `DESCRIPTION_` varchar(4000) COLLATE utf8_bin DEFAULT NULL,
  `TYPE_` varchar(255) COLLATE utf8_bin DEFAULT NULL,
  `TASK_ID_` varchar(64) COLLATE utf8_bin DEFAULT NULL,
  `PROC_INST_ID_` varchar(64) COLLATE utf8_bin DEFAULT NULL,
  `URL_` varchar(4000) COLLATE utf8_bin DEFAULT NULL,
  `CONTENT_ID_` varchar(64) COLLATE utf8_bin DEFAULT NULL,
  `TIME_` datetime(3) DEFAULT NULL,
  PRIMARY KEY (`ID_`)
) ENGINE=InnoDB DEFAULT CHARSET=utf8 COLLATE=utf8_bin;

-- ----------------------------
-- Records of act_hi_attachment
-- ----------------------------

-- ----------------------------
-- Table structure for act_hi_comment
-- ----------------------------
DROP TABLE IF EXISTS `act_hi_comment`;
CREATE TABLE `act_hi_comment` (
  `ID_` varchar(64) COLLATE utf8_bin NOT NULL,
  `TYPE_` varchar(255) COLLATE utf8_bin DEFAULT NULL,
  `TIME_` datetime(3) NOT NULL,
  `USER_ID_` varchar(255) COLLATE utf8_bin DEFAULT NULL,
  `TASK_ID_` varchar(64) COLLATE utf8_bin DEFAULT NULL,
  `PROC_INST_ID_` varchar(64) COLLATE utf8_bin DEFAULT NULL,
  `ACTION_` varchar(255) COLLATE utf8_bin DEFAULT NULL,
  `MESSAGE_` varchar(4000) COLLATE utf8_bin DEFAULT NULL,
  `FULL_MSG_` longblob,
  PRIMARY KEY (`ID_`)
) ENGINE=InnoDB DEFAULT CHARSET=utf8 COLLATE=utf8_bin;

-- ----------------------------
-- Records of act_hi_comment
-- ----------------------------

-- ----------------------------
-- Table structure for act_hi_detail
-- ----------------------------
DROP TABLE IF EXISTS `act_hi_detail`;
CREATE TABLE `act_hi_detail` (
  `ID_` varchar(64) COLLATE utf8_bin NOT NULL,
  `TYPE_` varchar(255) COLLATE utf8_bin NOT NULL,
  `PROC_INST_ID_` varchar(64) COLLATE utf8_bin DEFAULT NULL,
  `EXECUTION_ID_` varchar(64) COLLATE utf8_bin DEFAULT NULL,
  `TASK_ID_` varchar(64) COLLATE utf8_bin DEFAULT NULL,
  `ACT_INST_ID_` varchar(64) COLLATE utf8_bin DEFAULT NULL,
  `NAME_` varchar(255) COLLATE utf8_bin NOT NULL,
  `VAR_TYPE_` varchar(255) COLLATE utf8_bin DEFAULT NULL,
  `REV_` int(11) DEFAULT NULL,
  `TIME_` datetime(3) NOT NULL,
  `BYTEARRAY_ID_` varchar(64) COLLATE utf8_bin DEFAULT NULL,
  `DOUBLE_` double DEFAULT NULL,
  `LONG_` bigint(20) DEFAULT NULL,
  `TEXT_` varchar(4000) COLLATE utf8_bin DEFAULT NULL,
  `TEXT2_` varchar(4000) COLLATE utf8_bin DEFAULT NULL,
  PRIMARY KEY (`ID_`),
  KEY `ACT_IDX_HI_DETAIL_PROC_INST` (`PROC_INST_ID_`),
  KEY `ACT_IDX_HI_DETAIL_ACT_INST` (`ACT_INST_ID_`),
  KEY `ACT_IDX_HI_DETAIL_TIME` (`TIME_`),
  KEY `ACT_IDX_HI_DETAIL_NAME` (`NAME_`),
  KEY `ACT_IDX_HI_DETAIL_TASK_ID` (`TASK_ID_`)
) ENGINE=InnoDB DEFAULT CHARSET=utf8 COLLATE=utf8_bin;

-- ----------------------------
-- Records of act_hi_detail
-- ----------------------------
INSERT INTO `act_hi_detail` VALUES ('20022', 'FormProperty', '20020', '20020', null, '20021', 'name', null, null, '2018-04-13 15:40:49.305', null, null, null, 'qjcs', null);
INSERT INTO `act_hi_detail` VALUES ('20034', 'FormProperty', '20020', '20020', '20031', '20030', 'result', null, null, '2018-04-13 15:41:46.966', null, null, null, '0', null);
INSERT INTO `act_hi_detail` VALUES ('20035', 'FormProperty', '20020', '20020', '20031', '20030', 'groupId', null, null, '2018-04-13 15:41:46.968', null, null, null, 'group_test_3', null);
INSERT INTO `act_hi_detail` VALUES ('22503', 'FormProperty', '22501', '22501', null, '22502', 'name', null, null, '2018-04-13 15:45:36.157', null, null, null, 'qjcs', null);

-- ----------------------------
-- Table structure for act_hi_identitylink
-- ----------------------------
DROP TABLE IF EXISTS `act_hi_identitylink`;
CREATE TABLE `act_hi_identitylink` (
  `ID_` varchar(64) COLLATE utf8_bin NOT NULL,
  `GROUP_ID_` varchar(255) COLLATE utf8_bin DEFAULT NULL,
  `TYPE_` varchar(255) COLLATE utf8_bin DEFAULT NULL,
  `USER_ID_` varchar(255) COLLATE utf8_bin DEFAULT NULL,
  `TASK_ID_` varchar(64) COLLATE utf8_bin DEFAULT NULL,
  `PROC_INST_ID_` varchar(64) COLLATE utf8_bin DEFAULT NULL,
  PRIMARY KEY (`ID_`),
  KEY `ACT_IDX_HI_IDENT_LNK_USER` (`USER_ID_`),
  KEY `ACT_IDX_HI_IDENT_LNK_TASK` (`TASK_ID_`),
  KEY `ACT_IDX_HI_IDENT_LNK_PROCINST` (`PROC_INST_ID_`)
) ENGINE=InnoDB DEFAULT CHARSET=utf8 COLLATE=utf8_bin;

-- ----------------------------
-- Records of act_hi_identitylink
-- ----------------------------
INSERT INTO `act_hi_identitylink` VALUES ('20026', 'group_test_1', 'candidate', null, '20025', null);
INSERT INTO `act_hi_identitylink` VALUES ('20032', 'group_test_3', 'candidate', null, '20031', null);
INSERT INTO `act_hi_identitylink` VALUES ('22507', 'group_test_1', 'candidate', null, '22506', null);
INSERT INTO `act_hi_identitylink` VALUES ('22515', 'group_test_3', 'candidate', null, '22514', null);

-- ----------------------------
-- Table structure for act_hi_procinst
-- ----------------------------
DROP TABLE IF EXISTS `act_hi_procinst`;
CREATE TABLE `act_hi_procinst` (
  `ID_` varchar(64) COLLATE utf8_bin NOT NULL,
  `PROC_INST_ID_` varchar(64) COLLATE utf8_bin NOT NULL,
  `BUSINESS_KEY_` varchar(255) COLLATE utf8_bin DEFAULT NULL,
  `PROC_DEF_ID_` varchar(64) COLLATE utf8_bin NOT NULL,
  `START_TIME_` datetime(3) NOT NULL,
  `END_TIME_` datetime(3) DEFAULT NULL,
  `DURATION_` bigint(20) DEFAULT NULL,
  `START_USER_ID_` varchar(255) COLLATE utf8_bin DEFAULT NULL,
  `START_ACT_ID_` varchar(255) COLLATE utf8_bin DEFAULT NULL,
  `END_ACT_ID_` varchar(255) COLLATE utf8_bin DEFAULT NULL,
  `SUPER_PROCESS_INSTANCE_ID_` varchar(64) COLLATE utf8_bin DEFAULT NULL,
  `DELETE_REASON_` varchar(4000) COLLATE utf8_bin DEFAULT NULL,
  `TENANT_ID_` varchar(255) COLLATE utf8_bin DEFAULT '',
  `NAME_` varchar(255) COLLATE utf8_bin DEFAULT NULL,
  PRIMARY KEY (`ID_`),
  UNIQUE KEY `PROC_INST_ID_` (`PROC_INST_ID_`),
  KEY `ACT_IDX_HI_PRO_INST_END` (`END_TIME_`),
  KEY `ACT_IDX_HI_PRO_I_BUSKEY` (`BUSINESS_KEY_`)
) ENGINE=InnoDB DEFAULT CHARSET=utf8 COLLATE=utf8_bin;

-- ----------------------------
-- Records of act_hi_procinst
-- ----------------------------
INSERT INTO `act_hi_procinst` VALUES ('20020', '20020', null, 'leave:1:43', '2018-04-13 15:40:49.304', '2018-04-13 15:41:46.974', '57670', null, 'startLeave', 'end', null, null, '', null);
INSERT INTO `act_hi_procinst` VALUES ('22501', '22501', null, 'leave:1:47', '2018-04-13 15:45:36.157', null, null, null, 'startLeave', null, null, null, '', null);

-- ----------------------------
-- Table structure for act_hi_taskinst
-- ----------------------------
DROP TABLE IF EXISTS `act_hi_taskinst`;
CREATE TABLE `act_hi_taskinst` (
  `ID_` varchar(64) COLLATE utf8_bin NOT NULL,
  `PROC_DEF_ID_` varchar(64) COLLATE utf8_bin DEFAULT NULL,
  `TASK_DEF_KEY_` varchar(255) COLLATE utf8_bin DEFAULT NULL,
  `PROC_INST_ID_` varchar(64) COLLATE utf8_bin DEFAULT NULL,
  `EXECUTION_ID_` varchar(64) COLLATE utf8_bin DEFAULT NULL,
  `NAME_` varchar(255) COLLATE utf8_bin DEFAULT NULL,
  `PARENT_TASK_ID_` varchar(64) COLLATE utf8_bin DEFAULT NULL,
  `DESCRIPTION_` varchar(4000) COLLATE utf8_bin DEFAULT NULL,
  `OWNER_` varchar(255) COLLATE utf8_bin DEFAULT NULL,
  `ASSIGNEE_` varchar(255) COLLATE utf8_bin DEFAULT NULL,
  `START_TIME_` datetime(3) NOT NULL,
  `CLAIM_TIME_` datetime(3) DEFAULT NULL,
  `END_TIME_` datetime(3) DEFAULT NULL,
  `DURATION_` bigint(20) DEFAULT NULL,
  `DELETE_REASON_` varchar(4000) COLLATE utf8_bin DEFAULT NULL,
  `PRIORITY_` int(11) DEFAULT NULL,
  `DUE_DATE_` datetime(3) DEFAULT NULL,
  `FORM_KEY_` varchar(255) COLLATE utf8_bin DEFAULT NULL,
  `CATEGORY_` varchar(255) COLLATE utf8_bin DEFAULT NULL,
  `TENANT_ID_` varchar(255) COLLATE utf8_bin DEFAULT '',
  PRIMARY KEY (`ID_`),
  KEY `ACT_IDX_HI_TASK_INST_PROCINST` (`PROC_INST_ID_`)
) ENGINE=InnoDB DEFAULT CHARSET=utf8 COLLATE=utf8_bin;

-- ----------------------------
-- Records of act_hi_taskinst
-- ----------------------------
INSERT INTO `act_hi_taskinst` VALUES ('20025', 'leave:1:43', 'jingli', '20020', '20020', '', null, null, null, null, '2018-04-13 15:40:49.307', null, '2018-04-13 15:41:17.570', '28263', 'completed', '50', null, null, null, '');
INSERT INTO `act_hi_taskinst` VALUES ('20031', 'leave:1:43', 'renshi', '20020', '20028', '', null, null, null, null, '2018-04-13 15:41:17.576', null, '2018-04-13 15:41:46.971', '29395', 'completed', '50', null, null, null, '');
INSERT INTO `act_hi_taskinst` VALUES ('22506', 'leave:1:47', 'jingli', '22501', '22501', '', null, null, null, null, '2018-04-13 15:45:36.167', null, '2018-04-13 15:45:57.071', '20904', 'completed', '50', null, null, null, '');
INSERT INTO `act_hi_taskinst` VALUES ('22514', 'leave:1:47', 'renshi', '22501', '22511', '', null, null, null, null, '2018-04-13 15:45:57.080', null, null, null, null, '50', null, null, null, '');

-- ----------------------------
-- Table structure for act_hi_varinst
-- ----------------------------
DROP TABLE IF EXISTS `act_hi_varinst`;
CREATE TABLE `act_hi_varinst` (
  `ID_` varchar(64) COLLATE utf8_bin NOT NULL,
  `PROC_INST_ID_` varchar(64) COLLATE utf8_bin DEFAULT NULL,
  `EXECUTION_ID_` varchar(64) COLLATE utf8_bin DEFAULT NULL,
  `TASK_ID_` varchar(64) COLLATE utf8_bin DEFAULT NULL,
  `NAME_` varchar(255) COLLATE utf8_bin NOT NULL,
  `VAR_TYPE_` varchar(100) COLLATE utf8_bin DEFAULT NULL,
  `REV_` int(11) DEFAULT NULL,
  `BYTEARRAY_ID_` varchar(64) COLLATE utf8_bin DEFAULT NULL,
  `DOUBLE_` double DEFAULT NULL,
  `LONG_` bigint(20) DEFAULT NULL,
  `TEXT_` varchar(4000) COLLATE utf8_bin DEFAULT NULL,
  `TEXT2_` varchar(4000) COLLATE utf8_bin DEFAULT NULL,
  `CREATE_TIME_` datetime(3) DEFAULT NULL,
  `LAST_UPDATED_TIME_` datetime(3) DEFAULT NULL,
  PRIMARY KEY (`ID_`),
  KEY `ACT_IDX_HI_PROCVAR_PROC_INST` (`PROC_INST_ID_`),
  KEY `ACT_IDX_HI_PROCVAR_NAME_TYPE` (`NAME_`,`VAR_TYPE_`),
  KEY `ACT_IDX_HI_PROCVAR_TASK_ID` (`TASK_ID_`)
) ENGINE=InnoDB DEFAULT CHARSET=utf8 COLLATE=utf8_bin;

-- ----------------------------
-- Records of act_hi_varinst
-- ----------------------------
INSERT INTO `act_hi_varinst` VALUES ('20023', '20020', '20020', null, 'name', 'string', '1', null, null, null, 'qjcs', null, '2018-04-13 15:40:49.305', '2018-04-13 15:41:46.975');
INSERT INTO `act_hi_varinst` VALUES ('20036', '20020', '20020', null, 'groupId', 'string', '0', null, null, null, 'group_test_3', null, '2018-04-13 15:41:46.969', '2018-04-13 15:41:46.975');
INSERT INTO `act_hi_varinst` VALUES ('20037', '20020', '20020', null, 'result', 'string', '0', null, null, null, '0', null, '2018-04-13 15:41:46.969', '2018-04-13 15:41:46.975');
INSERT INTO `act_hi_varinst` VALUES ('22504', '22501', '22501', null, 'name', 'string', '0', null, null, null, 'qjcs', null, '2018-04-13 15:45:36.157', '2018-04-13 15:45:36.157');
INSERT INTO `act_hi_varinst` VALUES ('22508', '22501', '22501', null, 'result', 'string', '0', null, null, null, '1', null, '2018-04-13 15:45:57.064', '2018-04-13 15:45:57.064');
INSERT INTO `act_hi_varinst` VALUES ('22509', '22501', '22501', null, 'groupId', 'string', '0', null, null, null, 'group_test_1', null, '2018-04-13 15:45:57.064', '2018-04-13 15:45:57.064');

-- ----------------------------
-- Table structure for act_id_group
-- ----------------------------
DROP TABLE IF EXISTS `act_id_group`;
CREATE TABLE `act_id_group` (
  `ID_` varchar(64) COLLATE utf8_bin NOT NULL,
  `REV_` int(11) DEFAULT NULL,
  `NAME_` varchar(255) COLLATE utf8_bin DEFAULT NULL,
  `TYPE_` varchar(255) COLLATE utf8_bin DEFAULT NULL,
  PRIMARY KEY (`ID_`)
) ENGINE=InnoDB DEFAULT CHARSET=utf8 COLLATE=utf8_bin;

-- ----------------------------
-- Records of act_id_group
-- ----------------------------

-- ----------------------------
-- Table structure for act_id_info
-- ----------------------------
DROP TABLE IF EXISTS `act_id_info`;
CREATE TABLE `act_id_info` (
  `ID_` varchar(64) COLLATE utf8_bin NOT NULL,
  `REV_` int(11) DEFAULT NULL,
  `USER_ID_` varchar(64) COLLATE utf8_bin DEFAULT NULL,
  `TYPE_` varchar(64) COLLATE utf8_bin DEFAULT NULL,
  `KEY_` varchar(255) COLLATE utf8_bin DEFAULT NULL,
  `VALUE_` varchar(255) COLLATE utf8_bin DEFAULT NULL,
  `PASSWORD_` longblob,
  `PARENT_ID_` varchar(255) COLLATE utf8_bin DEFAULT NULL,
  PRIMARY KEY (`ID_`)
) ENGINE=InnoDB DEFAULT CHARSET=utf8 COLLATE=utf8_bin;

-- ----------------------------
-- Records of act_id_info
-- ----------------------------

-- ----------------------------
-- Table structure for act_id_membership
-- ----------------------------
DROP TABLE IF EXISTS `act_id_membership`;
CREATE TABLE `act_id_membership` (
  `USER_ID_` varchar(64) COLLATE utf8_bin NOT NULL,
  `GROUP_ID_` varchar(64) COLLATE utf8_bin NOT NULL,
  PRIMARY KEY (`USER_ID_`,`GROUP_ID_`),
  KEY `ACT_FK_MEMB_GROUP` (`GROUP_ID_`),
  CONSTRAINT `ACT_FK_MEMB_GROUP` FOREIGN KEY (`GROUP_ID_`) REFERENCES `act_id_group` (`ID_`),
  CONSTRAINT `ACT_FK_MEMB_USER` FOREIGN KEY (`USER_ID_`) REFERENCES `act_id_user` (`ID_`)
) ENGINE=InnoDB DEFAULT CHARSET=utf8 COLLATE=utf8_bin;

-- ----------------------------
-- Records of act_id_membership
-- ----------------------------

-- ----------------------------
-- Table structure for act_id_user
-- ----------------------------
DROP TABLE IF EXISTS `act_id_user`;
CREATE TABLE `act_id_user` (
  `ID_` varchar(64) COLLATE utf8_bin NOT NULL,
  `REV_` int(11) DEFAULT NULL,
  `FIRST_` varchar(255) COLLATE utf8_bin DEFAULT NULL,
  `LAST_` varchar(255) COLLATE utf8_bin DEFAULT NULL,
  `EMAIL_` varchar(255) COLLATE utf8_bin DEFAULT NULL,
  `PWD_` varchar(255) COLLATE utf8_bin DEFAULT NULL,
  `PICTURE_ID_` varchar(64) COLLATE utf8_bin DEFAULT NULL,
  PRIMARY KEY (`ID_`)
) ENGINE=InnoDB DEFAULT CHARSET=utf8 COLLATE=utf8_bin;

-- ----------------------------
-- Records of act_id_user
-- ----------------------------

-- ----------------------------
-- Table structure for act_procdef_info
-- ----------------------------
DROP TABLE IF EXISTS `act_procdef_info`;
CREATE TABLE `act_procdef_info` (
  `ID_` varchar(64) COLLATE utf8_bin NOT NULL,
  `PROC_DEF_ID_` varchar(64) COLLATE utf8_bin NOT NULL,
  `REV_` int(11) DEFAULT NULL,
  `INFO_JSON_ID_` varchar(64) COLLATE utf8_bin DEFAULT NULL,
  PRIMARY KEY (`ID_`),
  UNIQUE KEY `ACT_UNIQ_INFO_PROCDEF` (`PROC_DEF_ID_`),
  KEY `ACT_IDX_INFO_PROCDEF` (`PROC_DEF_ID_`),
  KEY `ACT_FK_INFO_JSON_BA` (`INFO_JSON_ID_`),
  CONSTRAINT `ACT_FK_INFO_JSON_BA` FOREIGN KEY (`INFO_JSON_ID_`) REFERENCES `act_ge_bytearray` (`ID_`),
  CONSTRAINT `ACT_FK_INFO_PROCDEF` FOREIGN KEY (`PROC_DEF_ID_`) REFERENCES `act_re_procdef` (`ID_`)
) ENGINE=InnoDB DEFAULT CHARSET=utf8 COLLATE=utf8_bin;

-- ----------------------------
-- Records of act_procdef_info
-- ----------------------------

-- ----------------------------
-- Table structure for act_re_deployment
-- ----------------------------
DROP TABLE IF EXISTS `act_re_deployment`;
CREATE TABLE `act_re_deployment` (
  `ID_` varchar(64) COLLATE utf8_bin NOT NULL,
  `NAME_` varchar(255) COLLATE utf8_bin DEFAULT NULL,
  `CATEGORY_` varchar(255) COLLATE utf8_bin DEFAULT NULL,
  `TENANT_ID_` varchar(255) COLLATE utf8_bin DEFAULT '',
  `DEPLOY_TIME_` timestamp(3) NULL DEFAULT NULL,
  PRIMARY KEY (`ID_`)
) ENGINE=InnoDB DEFAULT CHARSET=utf8 COLLATE=utf8_bin;

-- ----------------------------
-- Records of act_re_deployment
-- ----------------------------
INSERT INTO `act_re_deployment` VALUES ('44', 'leave', null, '', '2018-04-13 15:45:14.865');

-- ----------------------------
-- Table structure for act_re_model
-- ----------------------------
DROP TABLE IF EXISTS `act_re_model`;
CREATE TABLE `act_re_model` (
  `ID_` varchar(64) COLLATE utf8_bin NOT NULL,
  `REV_` int(11) DEFAULT NULL,
  `NAME_` varchar(255) COLLATE utf8_bin DEFAULT NULL,
  `KEY_` varchar(255) COLLATE utf8_bin DEFAULT NULL,
  `CATEGORY_` varchar(255) COLLATE utf8_bin DEFAULT NULL,
  `CREATE_TIME_` timestamp(3) NULL DEFAULT NULL,
  `LAST_UPDATE_TIME_` timestamp(3) NULL DEFAULT NULL,
  `VERSION_` int(11) DEFAULT NULL,
  `META_INFO_` varchar(4000) COLLATE utf8_bin DEFAULT NULL,
  `DEPLOYMENT_ID_` varchar(64) COLLATE utf8_bin DEFAULT NULL,
  `EDITOR_SOURCE_VALUE_ID_` varchar(64) COLLATE utf8_bin DEFAULT NULL,
  `EDITOR_SOURCE_EXTRA_VALUE_ID_` varchar(64) COLLATE utf8_bin DEFAULT NULL,
  `TENANT_ID_` varchar(255) COLLATE utf8_bin DEFAULT '',
  PRIMARY KEY (`ID_`),
  KEY `ACT_FK_MODEL_SOURCE` (`EDITOR_SOURCE_VALUE_ID_`),
  KEY `ACT_FK_MODEL_SOURCE_EXTRA` (`EDITOR_SOURCE_EXTRA_VALUE_ID_`),
  KEY `ACT_FK_MODEL_DEPLOYMENT` (`DEPLOYMENT_ID_`),
  CONSTRAINT `ACT_FK_MODEL_DEPLOYMENT` FOREIGN KEY (`DEPLOYMENT_ID_`) REFERENCES `act_re_deployment` (`ID_`),
  CONSTRAINT `ACT_FK_MODEL_SOURCE` FOREIGN KEY (`EDITOR_SOURCE_VALUE_ID_`) REFERENCES `act_ge_bytearray` (`ID_`),
  CONSTRAINT `ACT_FK_MODEL_SOURCE_EXTRA` FOREIGN KEY (`EDITOR_SOURCE_EXTRA_VALUE_ID_`) REFERENCES `act_ge_bytearray` (`ID_`)
) ENGINE=InnoDB DEFAULT CHARSET=utf8 COLLATE=utf8_bin;

-- ----------------------------
-- Records of act_re_model
-- ----------------------------
INSERT INTO `act_re_model` VALUES ('1', '27', 'leave', 'process', null, '2018-04-13 14:51:33.669', '2018-04-13 15:45:16.048', '1', '{\"name\":\"leave\",\"description\":\"\",\"revision\":1}', '44', '2', '3', '');

-- ----------------------------
-- Table structure for act_re_procdef
-- ----------------------------
DROP TABLE IF EXISTS `act_re_procdef`;
CREATE TABLE `act_re_procdef` (
  `ID_` varchar(64) COLLATE utf8_bin NOT NULL,
  `REV_` int(11) DEFAULT NULL,
  `CATEGORY_` varchar(255) COLLATE utf8_bin DEFAULT NULL,
  `NAME_` varchar(255) COLLATE utf8_bin DEFAULT NULL,
  `KEY_` varchar(255) COLLATE utf8_bin NOT NULL,
  `VERSION_` int(11) NOT NULL,
  `DEPLOYMENT_ID_` varchar(64) COLLATE utf8_bin DEFAULT NULL,
  `RESOURCE_NAME_` varchar(4000) COLLATE utf8_bin DEFAULT NULL,
  `DGRM_RESOURCE_NAME_` varchar(4000) COLLATE utf8_bin DEFAULT NULL,
  `DESCRIPTION_` varchar(4000) COLLATE utf8_bin DEFAULT NULL,
  `HAS_START_FORM_KEY_` tinyint(4) DEFAULT NULL,
  `HAS_GRAPHICAL_NOTATION_` tinyint(4) DEFAULT NULL,
  `SUSPENSION_STATE_` int(11) DEFAULT NULL,
  `TENANT_ID_` varchar(255) COLLATE utf8_bin DEFAULT '',
  PRIMARY KEY (`ID_`),
  UNIQUE KEY `ACT_UNIQ_PROCDEF` (`KEY_`,`VERSION_`,`TENANT_ID_`)
) ENGINE=InnoDB DEFAULT CHARSET=utf8 COLLATE=utf8_bin;

-- ----------------------------
-- Records of act_re_procdef
-- ----------------------------
INSERT INTO `act_re_procdef` VALUES ('leave:1:47', '1', 'http://www.activiti.org/processdef', 'leave', 'leave', '1', '44', 'leave.bpmn20.xml', 'leave.leave.png', null, '0', '1', '1', '');

-- ----------------------------
-- Table structure for act_ru_event_subscr
-- ----------------------------
DROP TABLE IF EXISTS `act_ru_event_subscr`;
CREATE TABLE `act_ru_event_subscr` (
  `ID_` varchar(64) COLLATE utf8_bin NOT NULL,
  `REV_` int(11) DEFAULT NULL,
  `EVENT_TYPE_` varchar(255) COLLATE utf8_bin NOT NULL,
  `EVENT_NAME_` varchar(255) COLLATE utf8_bin DEFAULT NULL,
  `EXECUTION_ID_` varchar(64) COLLATE utf8_bin DEFAULT NULL,
  `PROC_INST_ID_` varchar(64) COLLATE utf8_bin DEFAULT NULL,
  `ACTIVITY_ID_` varchar(64) COLLATE utf8_bin DEFAULT NULL,
  `CONFIGURATION_` varchar(255) COLLATE utf8_bin DEFAULT NULL,
  `CREATED_` timestamp(3) NOT NULL DEFAULT CURRENT_TIMESTAMP(3),
  `PROC_DEF_ID_` varchar(64) COLLATE utf8_bin DEFAULT NULL,
  `TENANT_ID_` varchar(255) COLLATE utf8_bin DEFAULT '',
  PRIMARY KEY (`ID_`),
  KEY `ACT_IDX_EVENT_SUBSCR_CONFIG_` (`CONFIGURATION_`),
  KEY `ACT_FK_EVENT_EXEC` (`EXECUTION_ID_`),
  CONSTRAINT `ACT_FK_EVENT_EXEC` FOREIGN KEY (`EXECUTION_ID_`) REFERENCES `act_ru_execution` (`ID_`)
) ENGINE=InnoDB DEFAULT CHARSET=utf8 COLLATE=utf8_bin;

-- ----------------------------
-- Records of act_ru_event_subscr
-- ----------------------------

-- ----------------------------
-- Table structure for act_ru_execution
-- ----------------------------
DROP TABLE IF EXISTS `act_ru_execution`;
CREATE TABLE `act_ru_execution` (
  `ID_` varchar(64) COLLATE utf8_bin NOT NULL,
  `REV_` int(11) DEFAULT NULL,
  `PROC_INST_ID_` varchar(64) COLLATE utf8_bin DEFAULT NULL,
  `BUSINESS_KEY_` varchar(255) COLLATE utf8_bin DEFAULT NULL,
  `PARENT_ID_` varchar(64) COLLATE utf8_bin DEFAULT NULL,
  `PROC_DEF_ID_` varchar(64) COLLATE utf8_bin DEFAULT NULL,
  `SUPER_EXEC_` varchar(64) COLLATE utf8_bin DEFAULT NULL,
  `ACT_ID_` varchar(255) COLLATE utf8_bin DEFAULT NULL,
  `IS_ACTIVE_` tinyint(4) DEFAULT NULL,
  `IS_CONCURRENT_` tinyint(4) DEFAULT NULL,
  `IS_SCOPE_` tinyint(4) DEFAULT NULL,
  `IS_EVENT_SCOPE_` tinyint(4) DEFAULT NULL,
  `SUSPENSION_STATE_` int(11) DEFAULT NULL,
  `CACHED_ENT_STATE_` int(11) DEFAULT NULL,
  `TENANT_ID_` varchar(255) COLLATE utf8_bin DEFAULT '',
  `NAME_` varchar(255) COLLATE utf8_bin DEFAULT NULL,
  `LOCK_TIME_` timestamp(3) NULL DEFAULT NULL,
  PRIMARY KEY (`ID_`),
  KEY `ACT_IDX_EXEC_BUSKEY` (`BUSINESS_KEY_`),
  KEY `ACT_FK_EXE_PROCINST` (`PROC_INST_ID_`),
  KEY `ACT_FK_EXE_PARENT` (`PARENT_ID_`),
  KEY `ACT_FK_EXE_SUPER` (`SUPER_EXEC_`),
  KEY `ACT_FK_EXE_PROCDEF` (`PROC_DEF_ID_`),
  CONSTRAINT `ACT_FK_EXE_PARENT` FOREIGN KEY (`PARENT_ID_`) REFERENCES `act_ru_execution` (`ID_`),
  CONSTRAINT `ACT_FK_EXE_PROCDEF` FOREIGN KEY (`PROC_DEF_ID_`) REFERENCES `act_re_procdef` (`ID_`),
  CONSTRAINT `ACT_FK_EXE_PROCINST` FOREIGN KEY (`PROC_INST_ID_`) REFERENCES `act_ru_execution` (`ID_`) ON DELETE CASCADE ON UPDATE CASCADE,
  CONSTRAINT `ACT_FK_EXE_SUPER` FOREIGN KEY (`SUPER_EXEC_`) REFERENCES `act_ru_execution` (`ID_`)
) ENGINE=InnoDB DEFAULT CHARSET=utf8 COLLATE=utf8_bin;

-- ----------------------------
-- Records of act_ru_execution
-- ----------------------------
INSERT INTO `act_ru_execution` VALUES ('22501', '2', '22501', null, null, 'leave:1:47', null, 'renshi', '1', '0', '1', '0', '1', '2', '', null, null);

-- ----------------------------
-- Table structure for act_ru_identitylink
-- ----------------------------
DROP TABLE IF EXISTS `act_ru_identitylink`;
CREATE TABLE `act_ru_identitylink` (
  `ID_` varchar(64) COLLATE utf8_bin NOT NULL,
  `REV_` int(11) DEFAULT NULL,
  `GROUP_ID_` varchar(255) COLLATE utf8_bin DEFAULT NULL,
  `TYPE_` varchar(255) COLLATE utf8_bin DEFAULT NULL,
  `USER_ID_` varchar(255) COLLATE utf8_bin DEFAULT NULL,
  `TASK_ID_` varchar(64) COLLATE utf8_bin DEFAULT NULL,
  `PROC_INST_ID_` varchar(64) COLLATE utf8_bin DEFAULT NULL,
  `PROC_DEF_ID_` varchar(64) COLLATE utf8_bin DEFAULT NULL,
  PRIMARY KEY (`ID_`),
  KEY `ACT_IDX_IDENT_LNK_USER` (`USER_ID_`),
  KEY `ACT_IDX_IDENT_LNK_GROUP` (`GROUP_ID_`),
  KEY `ACT_IDX_ATHRZ_PROCEDEF` (`PROC_DEF_ID_`),
  KEY `ACT_FK_TSKASS_TASK` (`TASK_ID_`),
  KEY `ACT_FK_IDL_PROCINST` (`PROC_INST_ID_`),
  CONSTRAINT `ACT_FK_ATHRZ_PROCEDEF` FOREIGN KEY (`PROC_DEF_ID_`) REFERENCES `act_re_procdef` (`ID_`),
  CONSTRAINT `ACT_FK_IDL_PROCINST` FOREIGN KEY (`PROC_INST_ID_`) REFERENCES `act_ru_execution` (`ID_`),
  CONSTRAINT `ACT_FK_TSKASS_TASK` FOREIGN KEY (`TASK_ID_`) REFERENCES `act_ru_task` (`ID_`)
) ENGINE=InnoDB DEFAULT CHARSET=utf8 COLLATE=utf8_bin;

-- ----------------------------
-- Records of act_ru_identitylink
-- ----------------------------
INSERT INTO `act_ru_identitylink` VALUES ('22515', '1', 'group_test_3', 'candidate', null, '22514', null, null);

-- ----------------------------
-- Table structure for act_ru_job
-- ----------------------------
DROP TABLE IF EXISTS `act_ru_job`;
CREATE TABLE `act_ru_job` (
  `ID_` varchar(64) COLLATE utf8_bin NOT NULL,
  `REV_` int(11) DEFAULT NULL,
  `TYPE_` varchar(255) COLLATE utf8_bin NOT NULL,
  `LOCK_EXP_TIME_` timestamp(3) NULL DEFAULT NULL,
  `LOCK_OWNER_` varchar(255) COLLATE utf8_bin DEFAULT NULL,
  `EXCLUSIVE_` tinyint(1) DEFAULT NULL,
  `EXECUTION_ID_` varchar(64) COLLATE utf8_bin DEFAULT NULL,
  `PROCESS_INSTANCE_ID_` varchar(64) COLLATE utf8_bin DEFAULT NULL,
  `PROC_DEF_ID_` varchar(64) COLLATE utf8_bin DEFAULT NULL,
  `RETRIES_` int(11) DEFAULT NULL,
  `EXCEPTION_STACK_ID_` varchar(64) COLLATE utf8_bin DEFAULT NULL,
  `EXCEPTION_MSG_` varchar(4000) COLLATE utf8_bin DEFAULT NULL,
  `DUEDATE_` timestamp(3) NULL DEFAULT NULL,
  `REPEAT_` varchar(255) COLLATE utf8_bin DEFAULT NULL,
  `HANDLER_TYPE_` varchar(255) COLLATE utf8_bin DEFAULT NULL,
  `HANDLER_CFG_` varchar(4000) COLLATE utf8_bin DEFAULT NULL,
  `TENANT_ID_` varchar(255) COLLATE utf8_bin DEFAULT '',
  PRIMARY KEY (`ID_`),
  KEY `ACT_FK_JOB_EXCEPTION` (`EXCEPTION_STACK_ID_`),
  CONSTRAINT `ACT_FK_JOB_EXCEPTION` FOREIGN KEY (`EXCEPTION_STACK_ID_`) REFERENCES `act_ge_bytearray` (`ID_`)
) ENGINE=InnoDB DEFAULT CHARSET=utf8 COLLATE=utf8_bin;

-- ----------------------------
-- Records of act_ru_job
-- ----------------------------

-- ----------------------------
-- Table structure for act_ru_task
-- ----------------------------
DROP TABLE IF EXISTS `act_ru_task`;
CREATE TABLE `act_ru_task` (
  `ID_` varchar(64) COLLATE utf8_bin NOT NULL,
  `REV_` int(11) DEFAULT NULL,
  `EXECUTION_ID_` varchar(64) COLLATE utf8_bin DEFAULT NULL,
  `PROC_INST_ID_` varchar(64) COLLATE utf8_bin DEFAULT NULL,
  `PROC_DEF_ID_` varchar(64) COLLATE utf8_bin DEFAULT NULL,
  `NAME_` varchar(255) COLLATE utf8_bin DEFAULT NULL,
  `PARENT_TASK_ID_` varchar(64) COLLATE utf8_bin DEFAULT NULL,
  `DESCRIPTION_` varchar(4000) COLLATE utf8_bin DEFAULT NULL,
  `TASK_DEF_KEY_` varchar(255) COLLATE utf8_bin DEFAULT NULL,
  `OWNER_` varchar(255) COLLATE utf8_bin DEFAULT NULL,
  `ASSIGNEE_` varchar(255) COLLATE utf8_bin DEFAULT NULL,
  `DELEGATION_` varchar(64) COLLATE utf8_bin DEFAULT NULL,
  `PRIORITY_` int(11) DEFAULT NULL,
  `CREATE_TIME_` timestamp(3) NULL DEFAULT NULL,
  `DUE_DATE_` datetime(3) DEFAULT NULL,
  `CATEGORY_` varchar(255) COLLATE utf8_bin DEFAULT NULL,
  `SUSPENSION_STATE_` int(11) DEFAULT NULL,
  `TENANT_ID_` varchar(255) COLLATE utf8_bin DEFAULT '',
  `FORM_KEY_` varchar(255) COLLATE utf8_bin DEFAULT NULL,
  PRIMARY KEY (`ID_`),
  KEY `ACT_IDX_TASK_CREATE` (`CREATE_TIME_`),
  KEY `ACT_FK_TASK_EXE` (`EXECUTION_ID_`),
  KEY `ACT_FK_TASK_PROCINST` (`PROC_INST_ID_`),
  KEY `ACT_FK_TASK_PROCDEF` (`PROC_DEF_ID_`),
  CONSTRAINT `ACT_FK_TASK_EXE` FOREIGN KEY (`EXECUTION_ID_`) REFERENCES `act_ru_execution` (`ID_`),
  CONSTRAINT `ACT_FK_TASK_PROCDEF` FOREIGN KEY (`PROC_DEF_ID_`) REFERENCES `act_re_procdef` (`ID_`),
  CONSTRAINT `ACT_FK_TASK_PROCINST` FOREIGN KEY (`PROC_INST_ID_`) REFERENCES `act_ru_execution` (`ID_`)
) ENGINE=InnoDB DEFAULT CHARSET=utf8 COLLATE=utf8_bin;

-- ----------------------------
-- Records of act_ru_task
-- ----------------------------
INSERT INTO `act_ru_task` VALUES ('22514', '1', '22501', '22501', 'leave:1:47', '', null, null, 'renshi', null, null, null, '50', '2018-04-13 15:45:57.080', null, null, '1', '', null);

-- ----------------------------
-- Table structure for act_ru_variable
-- ----------------------------
DROP TABLE IF EXISTS `act_ru_variable`;
CREATE TABLE `act_ru_variable` (
  `ID_` varchar(64) COLLATE utf8_bin NOT NULL,
  `REV_` int(11) DEFAULT NULL,
  `TYPE_` varchar(255) COLLATE utf8_bin NOT NULL,
  `NAME_` varchar(255) COLLATE utf8_bin NOT NULL,
  `EXECUTION_ID_` varchar(64) COLLATE utf8_bin DEFAULT NULL,
  `PROC_INST_ID_` varchar(64) COLLATE utf8_bin DEFAULT NULL,
  `TASK_ID_` varchar(64) COLLATE utf8_bin DEFAULT NULL,
  `BYTEARRAY_ID_` varchar(64) COLLATE utf8_bin DEFAULT NULL,
  `DOUBLE_` double DEFAULT NULL,
  `LONG_` bigint(20) DEFAULT NULL,
  `TEXT_` varchar(4000) COLLATE utf8_bin DEFAULT NULL,
  `TEXT2_` varchar(4000) COLLATE utf8_bin DEFAULT NULL,
  PRIMARY KEY (`ID_`),
  KEY `ACT_IDX_VARIABLE_TASK_ID` (`TASK_ID_`),
  KEY `ACT_FK_VAR_EXE` (`EXECUTION_ID_`),
  KEY `ACT_FK_VAR_PROCINST` (`PROC_INST_ID_`),
  KEY `ACT_FK_VAR_BYTEARRAY` (`BYTEARRAY_ID_`),
  CONSTRAINT `ACT_FK_VAR_BYTEARRAY` FOREIGN KEY (`BYTEARRAY_ID_`) REFERENCES `act_ge_bytearray` (`ID_`),
  CONSTRAINT `ACT_FK_VAR_EXE` FOREIGN KEY (`EXECUTION_ID_`) REFERENCES `act_ru_execution` (`ID_`),
  CONSTRAINT `ACT_FK_VAR_PROCINST` FOREIGN KEY (`PROC_INST_ID_`) REFERENCES `act_ru_execution` (`ID_`)
) ENGINE=InnoDB DEFAULT CHARSET=utf8 COLLATE=utf8_bin;

-- ----------------------------
-- Records of act_ru_variable
-- ----------------------------
INSERT INTO `act_ru_variable` VALUES ('22504', '1', 'string', 'name', '22501', '22501', null, null, null, null, 'qjcs', null);
INSERT INTO `act_ru_variable` VALUES ('22508', '1', 'string', 'result', '22501', '22501', null, null, null, null, '1', null);
INSERT INTO `act_ru_variable` VALUES ('22509', '1', 'string', 'groupId', '22501', '22501', null, null, null, null, 'group_test_1', null);

-- ----------------------------
-- Table structure for test_group
-- ----------------------------
DROP TABLE IF EXISTS `test_group`;
CREATE TABLE `test_group` (
  `id` varchar(255) NOT NULL,
  `name` varchar(255) DEFAULT NULL,
  `code` varchar(255) DEFAULT NULL,
  PRIMARY KEY (`id`)
) ENGINE=InnoDB DEFAULT CHARSET=utf8;

-- ----------------------------
-- Records of test_group
-- ----------------------------
INSERT INTO `test_group` VALUES ('group_test_1', '', 'jingli');
INSERT INTO `test_group` VALUES ('group_test_2', '', 'yonghu');
INSERT INTO `test_group` VALUES ('group_test_3', '', 'renshi');

-- ----------------------------
-- Table structure for test_leave
-- ----------------------------
DROP TABLE IF EXISTS `test_leave`;
CREATE TABLE `test_leave` (
  `id` varchar(255) NOT NULL,
  `name` varchar(255) DEFAULT NULL,
  `task_id` varchar(255) DEFAULT NULL,
  `status` varchar(255) DEFAULT NULL,
  `user_id` varchar(255) DEFAULT NULL,
  `process_id` varchar(255) DEFAULT NULL,
  PRIMARY KEY (`id`)
) ENGINE=InnoDB DEFAULT CHARSET=utf8;

-- ----------------------------
-- Records of test_leave
-- ----------------------------
INSERT INTO `test_leave` VALUES ('096e4e72-e2dd-4cfc-9a64-449991a9a7d5', 'name', null, 'group_test_3====', 'user_test_5', '20020');
INSERT INTO `test_leave` VALUES ('478fef72-38e3-4242-b1ae-d6278ef431a7', 'name', null, 'group_test_1====', 'user_test_5', '22501');

-- ----------------------------
-- Table structure for test_user
-- ----------------------------
DROP TABLE IF EXISTS `test_user`;
CREATE TABLE `test_user` (
  `id` varchar(255) NOT NULL,
  `account` varchar(255) DEFAULT NULL,
  `password` varchar(255) DEFAULT NULL,
  `name` varchar(255) DEFAULT NULL,
  PRIMARY KEY (`id`)
) ENGINE=InnoDB DEFAULT CHARSET=utf8;

-- ----------------------------
-- Records of test_user
-- ----------------------------
INSERT INTO `test_user` VALUES ('user_test_1', 'a', '123', '1');
INSERT INTO `test_user` VALUES ('user_test_2', 'b', '123', '2');
INSERT INTO `test_user` VALUES ('user_test_3', 'c', '123', '3');
INSERT INTO `test_user` VALUES ('user_test_4', 'd', '123', '');
INSERT INTO `test_user` VALUES ('user_test_5', 'e', '123', '');

-- ----------------------------
-- Table structure for test_user_group
-- ----------------------------
DROP TABLE IF EXISTS `test_user_group`;
CREATE TABLE `test_user_group` (
  `id` varchar(255) NOT NULL,
  `user_id` varchar(255) DEFAULT NULL,
  `group_id` varchar(255) DEFAULT NULL,
  PRIMARY KEY (`id`)
) ENGINE=InnoDB DEFAULT CHARSET=utf8;

-- ----------------------------
-- Records of test_user_group
-- ----------------------------
INSERT INTO `test_user_group` VALUES ('1', 'user_test_1', 'group_test_1');
INSERT INTO `test_user_group` VALUES ('2', 'user_test_2', 'group_test_1');
INSERT INTO `test_user_group` VALUES ('3', 'user_test_3', 'group_test_1');
INSERT INTO `test_user_group` VALUES ('4', 'user_test_4', 'group_test_3');
INSERT INTO `test_user_group` VALUES ('5', 'user_test_5', 'group_test_2');
